id;city_name;date_create_city;status
1;aggregate;2023-07-30T00:57:17;Customizable Borders EXE
2;Account;2023-07-30T16:23:37;COM copying User-centric
3;Officer programming;2023-07-30T15:04:43;Designer Lucia
4;Borders eyeballs Operations;2023-07-30T00:21:40;payment IB bleeding-edge
5;override Peso real-time;2023-07-30T13:59:13;deposit Dinar Fresh
6;interactive;2023-07-30T10:05:41;primary Concrete
7;invoice Electronics Soft;2023-07-30T07:10:30;Wooden modular British
8;override Florida leverage;2023-07-30T15:20:37;Concrete Consultant next
9;composite Practical;2023-07-30T01:17:41;circuit capacitor
10;yellow empower compress;2023-07-30T12:16:48;Mission back-end
