id;date_one;date_two;long_one;string_one;boolean_one;boolean_two;date_1;date_2;long_1;string_1;boolean_1
1;2022-11-23T01:43:43;2022-11-23T06:05:14;2270;full-range discrete Plain;false;false;2022-11-22T20:07:10;2022-11-22T17:28:11;6198;Loan Agent seize;false
2;2022-11-22T17:36:36;2022-11-22T16:05:03;82179;Cotton SCSI;false;true;2022-11-23T01:24:18;2022-11-22T13:37:39;31626;navigating Gloves bleeding-edge;false
3;2022-11-22T17:15:58;2022-11-22T17:07:04;53852;Liaison Gloves Andorra;true;false;2022-11-23T10:57:26;2022-11-22T19:47:09;29602;Incredible Movies;false
4;2022-11-22T20:16:15;2022-11-22T14:23:26;62287;Bike metrics Frozen;true;false;2022-11-23T05:24:32;2022-11-22T14:13:32;56458;Cotton plug-and-play neural;true
5;2022-11-23T08:36:43;2022-11-22T22:22:50;48765;Utah Loan;true;false;2022-11-23T04:35:33;2022-11-23T04:11:51;38808;one-to-one Pants;false
6;2022-11-23T03:02:31;2022-11-22T21:36:21;74040;synthesizing multi-byte;false;false;2022-11-23T12:27:06;2022-11-23T02:53:08;26672;transparent Checking;false
7;2022-11-23T01:30:25;2022-11-23T02:15:35;74595;SQL;false;true;2022-11-23T09:32:47;2022-11-22T17:12:02;44274;Solutions up;false
8;2022-11-23T03:26:47;2022-11-22T15:22:08;21020;indexing;false;false;2022-11-22T19:37:58;2022-11-23T01:04:50;74143;deposit Riyal AGP;false
9;2022-11-22T22:07:52;2022-11-23T00:27:46;12834;Maryland Awesome;true;true;2022-11-23T12:04:34;2022-11-23T06:19:05;95827;state;false
10;2022-11-23T07:00:15;2022-11-23T05:39:57;25251;Federation;false;false;2022-11-22T13:26:18;2022-11-23T08:08:30;36908;Gambia payment Account;true
