id;id_message;id_channel;date_create_message;text_message;id_admin;comment;status;service_field_1;service_field_2;service_field_3
1;16836;70215;2023-01-15T23:20:06;deposit JBOD;41590;Legacy Falls Metrics;Wooden SSL plug-and-play;neural-net blue;recontextualize back;matrix
2;49035;80399;2023-01-15T17:16:55;program;60473;bluetooth digital Berkshire;Unbranded bandwidth Books;open;Cambridgeshire Fuerte Fresh;back-end Usability Markets
3;5113;40993;2023-01-15T16:29:47;Rubber Toys;9017;upward-trending e-enable;synergistic Ergonomic;cross-media actuating multi-byte;Car bandwidth;RAM lime
4;24128;71969;2023-01-15T07:33:03;Internal;97381;Rand;Bedfordshire;moratorium;Luxembourg Tenge clear-thinking;Steel Future bypassing
5;67162;48978;2023-01-15T20:58:57;digital haptic channels;73624;Dynamic;parsing synergistic envisioneer;deposit;Towels parsing firmware;ability
6;86229;66853;2023-01-15T13:09:34;Somalia Springs Human;74804;Borders neural-net;Oklahoma calculating;Salad Frozen Bedfordshire;Product Silver Kyat;Corporate
7;57120;40315;2023-01-15T16:30:53;invoice hacking;96191;CSS;transmitter Outdoors;Metal primary;expedite Michigan;red Convertible Cross-group
8;39538;66809;2023-01-15T04:44:15;program;9785;green 1080p Borders;productize Plain;eyeballs;transitional;Awesome AI Seamless
9;80500;59369;2023-01-15T23:08:23;Soft deposit;5319;withdrawal Account SAS;Fresh synthesize Sleek;solutions;Practical;matrix Krone Handmade
10;20596;15027;2023-01-15T09:19:58;panel application Fresh;13021;Cambridgeshire data-warehouse sexy;quantify rich;Home Account Automotive;circuit Junction bricks-and-clicks;deposit Table magenta
