id;is_show;score;is_first;category_id;city_id;comment
1;true;10;true;48;1;comment
2;true;20;true;1031;1;comment
3;true;30;true;13;1;comment
4;true;40;false;1052;1;comment
5;true;50;false;61;1;comment
6;true;60;true;49;1;comment
7;true;70;true;47;1;comment
8;true;80;false;1053;1;comment
9;true;90;true;27;1;comment
10;true;100;false;1054;1;comment
11;true;110;false;62;1;comment
12;true;120;false;75;1;comment
13;true;140;false;1055;1;comment
14;true;10;false;1042;1;comment
15;true;10;false;1043;1;comment
16;true;10;false;1044;1;comment
17;true;10;false;1060;1;comment
18;true;10;false;1051;1;comment
19;true;10;false;15;1;comment
20;true;10;false;64;1;comment
21;true;10;false;1030;1;comment
22;true;10;false;1061;1;comment
23;true;10;false;32;1;comment
24;true;10;false;1059;1;comment
25;true;10;false;82;1;comment
26;true;10;false;1056;1;comment
27;true;10;false;48;2;comment
28;true;10;false;13;2;comment
29;true;10;false;1061;2;comment
30;true;10;false;1051;2;comment
31;true;10;false;1031;2;comment
32;true;10;false;82;2;comment
33;true;10;false;69;2;comment
34;true;10;false;1060;2;comment
35;true;10;false;61;2;comment
36;true;10;false;1052;2;comment
37;true;10;false;88;2;comment
38;true;10;false;58;2;comment
39;true;10;false;62;2;comment
40;true;10;false;1058;2;comment
41;true;10;false;1054;2;comment
42;true;10;false;47;2;comment
43;true;10;false;1057;2;comment
44;true;10;false;1056;2;comment
45;true;10;false;49;2;comment
46;true;10;false;1059;2;comment
47;true;10;false;48;3;comment
48;true;10;false;1061;3;comment
49;true;10;false;13;3;comment
50;true;10;false;61;3;comment
51;true;10;false;1052;3;comment
52;true;10;false;1031;3;comment
53;true;10;false;15;3;comment
54;true;10;false;1054;3;comment
55;true;10;false;27;3;comment
56;true;10;false;56;3;comment
57;true;10;false;1055;3;comment
58;true;10;false;48;4;comment
59;true;10;false;48;5;comment
60;true;10;false;48;6;comment
61;true;10;false;1057;6;comment
62;true;10;false;1055;6;comment
63;true;10;false;48;16;comment
64;true;10;false;48;7;comment
65;true;10;false;48;8;comment
66;true;10;false;48;9;comment
67;true;10;false;48;10;comment
68;true;10;false;1059;10;comment
69;true;10;false;48;11;comment
70;true;10;false;48;12;comment
71;true;10;false;48;13;comment
72;true;10;false;48;14;comment
73;true;10;false;48;15;comment
74;true;10;false;1055;15;comment
75;true;10;false;1057;15;comment
76;true;10;false;48;17;comment
77;true;10;false;48;18;comment
78;true;10;false;48;19;comment
79;true;10;false;49;19;comment
80;true;10;false;48;49;comment
81;true;10;false;53;20;comment
82;true;10;false;48;21;comment
83;true;10;false;48;25;comment
84;true;10;false;48;26;comment
85;true;10;false;48;27;comment
86;true;10;false;13;27;comment
87;true;10;false;1055;27;comment
88;true;10;false;48;31;comment
89;true;10;false;53;31;comment
90;true;10;false;48;28;comment
91;true;10;false;53;28;comment
92;true;10;false;1031;28;comment
93;true;10;false;48;32;comment
94;true;10;false;48;33;comment
95;true;10;false;53;29;comment
96;true;10;false;65;7;comment
97;true;10;false;48;30;comment
98;true;10;false;48;29;comment
99;true;10;false;48;34;comment
100;true;10;false;48;35;comment
101;true;10;false;48;6;comment
102;true;10;false;48;36;comment
103;true;10;false;48;37;comment
104;true;10;false;1061;5;comment
105;true;10;false;53;32;comment
106;true;10;false;48;39;comment
107;true;10;false;48;40;comment
108;true;10;false;48;41;comment
109;true;10;false;48;42;comment
110;true;10;false;48;43;comment
111;true;10;false;1057;1;comment
112;true;10;false;48;50;comment
113;true;10;false;1061;50;comment
114;true;10;false;48;51;comment
115;true;10;false;48;52;comment
116;true;10;false;48;53;comment
117;true;10;false;49;50;comment
118;true;10;false;61;50;comment
119;true;10;false;1060;50;comment
120;true;10;false;48;54;comment
121;true;10;false;49;50;comment
122;true;10;false;1054;50;comment
123;true;10;false;1054;51;comment
124;true;10;false;1006;50;comment
125;true;10;false;1054;50;comment
126;true;10;false;66;50;comment
127;true;10;false;1031;50;comment
128;true;10;false;69;50;comment
129;true;10;false;1061;51;comment
130;true;10;false;86;50;comment
131;true;10;false;41;50;comment
132;true;10;false;15;50;comment
133;true;10;false;48;55;comment
134;true;10;false;1055;50;comment
135;true;10;false;1058;50;comment
136;true;10;false;13;50;comment
137;true;10;false;1057;50;comment
138;true;10;false;1062;50;comment
139;true;10;false;62;50;comment
140;true;10;false;65;51;comment
141;true;10;false;1059;50;comment
142;true;10;false;1015;50;comment
143;true;10;false;48;56;comment
144;true;10;false;1031;59;comment
145;true;10;false;48;57;comment
146;true;10;false;1061;56;comment
147;true;10;false;1058;56;comment
148;true;10;false;56;59;comment
149;true;10;false;48;58;comment
150;true;10;false;48;59;comment
151;true;10;false;1054;59;comment
152;true;10;false;1057;56;comment
153;true;10;false;15;58;comment
154;true;10;false;1055;58;comment
155;true;10;false;1063;58;comment
156;true;10;false;1055;59;comment
157;true;10;false;62;56;comment
158;true;10;false;61;59;comment
159;true;10;false;1059;59;comment
160;true;10;false;47;59;comment
161;true;10;false;42;58;comment
162;true;10;false;1058;59;comment
163;true;10;false;1009;56;comment
164;true;10;false;58;59;comment
165;true;10;false;1062;59;comment
166;true;10;false;1054;56;comment
167;true;10;false;1061;56;comment
168;true;10;false;1032;59;comment
169;true;10;false;42;56;comment
170;true;10;false;1055;56;comment
171;true;10;false;1060;56;comment
172;true;10;false;1059;58;comment
173;true;10;false;62;58;comment
174;true;10;false;1015;59;comment
175;true;10;false;65;59;comment
176;true;10;false;42;58;comment
177;true;10;false;48;60;comment
178;true;10;false;48;61;comment
179;true;10;false;1054;60;comment
180;true;10;false;1061;62;comment
181;true;10;false;48;62;comment
182;true;10;false;13;60;comment
183;true;10;false;1055;60;comment
184;true;10;false;62;61;comment
185;true;10;false;15;60;comment
186;true;10;false;1015;60;comment
187;true;10;false;82;61;comment
188;true;10;false;1032;61;comment
189;true;10;false;1054;61;comment
190;true;10;false;81;60;comment
191;true;10;false;1059;60;comment
192;true;10;false;61;60;comment
193;true;10;false;1061;60;comment
194;true;10;false;62;61;comment
195;true;10;false;1055;61;comment
196;true;10;false;1061;63;comment
197;true;10;false;48;64;comment
198;true;10;false;1055;64;comment
199;true;10;false;1059;64;comment
200;true;10;false;69;64;comment
201;true;10;false;49;64;comment
202;true;10;false;13;64;comment
203;true;10;false;48;63;comment
204;true;10;false;1058;64;comment
205;true;10;false;66;64;comment
206;true;10;false;65;64;comment
207;true;10;false;1061;64;comment
208;true;10;false;1060;64;comment
209;true;10;false;48;65;comment
210;true;10;false;1061;65;comment
211;true;10;false;48;66;comment
212;true;10;false;66;66;comment
213;true;10;false;48;67;comment
214;true;10;false;1054;65;comment
215;true;10;false;1055;66;comment
216;true;10;false;1031;67;comment
217;true;10;false;1051;65;comment
218;true;10;false;65;67;comment
219;true;10;false;1058;65;comment
220;true;10;false;1052;65;comment
221;true;10;false;56;65;comment
222;true;10;false;1061;66;comment
223;true;10;false;1055;65;comment
224;true;10;false;42;65;comment
225;true;10;false;13;65;comment
226;true;10;false;49;65;comment
227;true;10;false;62;65;comment
228;true;10;false;69;65;comment
229;true;10;false;65;65;comment
230;true;10;false;15;66;comment
231;true;10;false;1062;65;comment
232;true;10;false;48;69;comment
233;true;10;false;1031;69;comment
234;true;10;false;48;68;comment
235;true;10;false;1062;69;comment
236;true;10;false;48;70;comment
237;true;10;false;48;71;comment
238;true;10;false;13;70;comment
239;true;10;false;1055;70;comment
240;true;10;false;1054;70;comment
241;true;10;false;53;70;comment
242;true;10;false;69;70;comment
243;true;10;false;1032;70;comment
244;true;10;false;1053;70;comment
245;true;10;false;1058;70;comment
246;true;10;false;53;72;comment
247;true;10;false;1031;72;comment
248;true;10;false;1061;72;comment
249;true;10;false;48;72;comment
250;true;10;false;48;73;comment
251;true;10;false;48;74;comment
252;true;10;false;1051;72;comment
253;true;10;false;13;72;comment
254;true;10;false;49;72;comment
255;true;10;false;1062;72;comment
256;true;10;false;1054;72;comment
257;true;10;false;53;74;comment
258;true;10;false;1015;72;comment
259;true;10;false;1058;72;comment
260;true;10;false;1059;72;comment
261;true;10;false;48;75;comment
262;true;10;false;48;76;comment
263;true;10;false;48;77;comment
264;true;10;false;1058;75;comment
265;true;10;false;13;75;comment
266;true;10;false;1061;77;comment
267;true;10;false;1029;75;comment
268;true;10;false;1054;75;comment
269;true;10;false;49;75;comment
270;true;10;false;1058;75;comment
271;true;10;false;1061;75;comment
272;true;10;false;1055;75;comment
273;true;10;false;1059;75;comment
274;true;10;false;48;78;comment
275;true;10;false;42;75;comment
276;true;10;false;69;75;comment
277;true;10;false;1053;75;comment
278;true;10;false;58;75;comment
279;true;10;false;1057;75;comment
280;true;10;false;15;75;comment
281;true;10;false;65;75;comment
282;true;10;false;81;75;comment
283;true;10;false;1064;75;comment
284;true;10;false;1062;76;comment
285;true;10;false;1031;75;comment
286;true;10;false;1051;75;comment
287;true;10;false;62;75;comment
288;true;10;false;1061;79;comment
289;true;10;false;48;80;comment
290;true;10;false;48;79;comment
291;true;10;false;1061;80;comment
292;true;10;false;48;81;comment
293;true;10;false;81;80;comment
294;true;10;false;1058;80;comment
295;true;10;false;1062;80;comment
296;true;10;false;49;80;comment
297;true;10;false;1054;79;comment
298;true;10;false;58;79;comment
299;true;10;false;87;80;comment
300;true;10;false;1060;80;comment
301;true;10;false;1054;80;comment
302;true;10;false;1055;80;comment
303;true;10;false;48;82;comment
304;true;10;false;48;83;comment
305;true;10;false;1061;83;comment
306;true;10;false;13;82;comment
307;true;10;false;69;82;comment
308;true;10;false;1057;82;comment
309;true;10;false;1015;82;comment
310;true;10;false;1054;82;comment
311;true;10;false;61;82;comment
312;true;10;false;49;82;comment
313;true;10;false;66;82;comment
314;true;10;false;1055;82;comment
315;true;10;false;15;82;comment
316;true;10;false;1031;82;comment
317;true;10;false;1051;82;comment
318;true;10;false;1059;82;comment
319;true;10;false;1058;82;comment
320;true;10;false;1062;82;comment
321;true;10;false;1052;82;comment
322;true;10;false;42;82;comment
323;true;10;false;1054;83;comment
324;true;10;false;1007;82;comment
325;true;10;false;62;82;comment
326;true;10;false;48;84;comment
327;true;10;false;1054;84;comment
328;true;10;false;1061;84;comment
329;true;10;false;1058;84;comment
330;true;10;false;49;84;comment
331;true;10;false;62;84;comment
332;true;10;false;1059;84;comment
333;true;10;false;48;85;comment
334;true;10;false;48;86;comment
335;true;10;false;13;85;comment
336;true;10;false;1031;85;comment
337;true;10;false;48;86;comment
338;true;10;false;65;85;comment
339;true;10;false;1054;87;comment
340;true;10;false;1061;87;comment
341;true;10;false;61;85;comment
342;true;10;false;1054;85;comment
343;true;10;false;1055;85;comment
344;true;10;false;1057;85;comment
345;true;10;false;48;87;comment
346;true;10;false;1054;86;comment
347;true;10;false;69;85;comment
348;true;10;false;1059;87;comment
349;true;10;false;1062;87;comment
350;true;10;false;1058;85;comment
351;true;10;false;49;85;comment
352;true;10;false;48;89;comment
353;true;10;false;1058;89;comment
354;true;10;false;48;90;comment
355;true;10;false;1058;90;comment
356;true;10;false;13;90;comment
357;true;10;false;48;91;comment
358;true;10;false;1055;89;comment
359;true;10;false;49;89;comment
360;true;10;false;1060;89;comment
361;true;10;false;48;92;comment
362;true;10;false;1054;91;comment
363;true;10;false;42;89;comment
364;true;10;false;1059;90;comment
365;true;10;false;1031;89;comment
366;true;10;false;1061;90;comment
367;true;10;false;1062;89;comment
368;true;10;false;69;89;comment
369;true;10;false;82;89;comment
370;true;10;false;48;93;comment
371;true;10;false;48;94;comment
372;true;10;false;1051;93;comment
373;true;10;false;1031;93;comment
374;true;10;false;1058;93;comment
375;true;10;false;48;95;comment
376;true;10;false;62;93;comment
377;true;10;false;48;96;comment
378;true;10;false;48;97;comment
379;true;10;false;13;93;comment
380;true;10;false;1061;93;comment
381;true;10;false;66;93;comment
382;true;10;false;15;94;comment
383;true;10;false;58;93;comment
384;true;10;false;1054;93;comment
385;true;10;false;1061;98;comment
386;true;10;false;49;93;comment
387;true;10;false;1032;93;comment
388;true;10;false;1055;93;comment
389;true;10;false;1061;95;comment
390;true;10;false;1062;93;comment
391;true;10;false;1061;97;comment
392;true;10;false;32;93;comment
393;true;10;false;86;93;comment
394;true;10;false;1059;93;comment
395;true;10;false;1057;93;comment
396;true;10;false;48;99;comment
397;true;10;false;1060;93;comment
398;true;10;false;61;93;comment
399;true;10;false;1055;99;comment
400;true;10;false;15;93;comment
401;true;10;false;1061;94;comment
402;true;10;false;49;97;comment
403;true;10;false;1062;97;comment
404;true;10;false;69;97;comment
405;true;10;false;48;100;comment
406;true;10;false;65;100;comment
407;true;10;false;1061;100;comment
408;true;10;false;48;101;comment
409;true;10;false;49;100;comment
410;true;10;false;1054;100;comment
411;true;10;false;1055;100;comment
412;true;10;false;48;102;comment
413;true;10;false;48;103;comment
414;true;10;false;13;102;comment
415;true;10;false;1031;102;comment
416;true;10;false;82;102;comment
417;true;10;false;1060;102;comment
418;true;10;false;1058;102;comment
419;true;10;false;1057;102;comment
420;true;10;false;62;102;comment
421;true;10;false;1054;102;comment
422;true;10;false;1055;102;comment
423;true;10;false;1004;102;comment
424;true;10;false;82;102;comment
425;true;10;false;65;102;comment
426;true;10;false;47;102;comment
427;true;10;false;61;102;comment
428;true;10;false;48;104;comment
429;true;10;false;48;105;comment
430;true;10;false;1061;106;comment
431;true;10;false;1058;104;comment
432;true;10;false;1062;104;comment
433;true;10;false;48;106;comment
434;true;10;false;1054;104;comment
435;true;10;false;13;106;comment
436;true;10;false;13;104;comment
437;true;10;false;1061;104;comment
438;true;10;false;61;104;comment
439;true;10;false;1061;105;comment
440;true;10;false;69;104;comment
441;true;10;false;1054;106;comment
442;true;10;false;1059;106;comment
443;true;10;false;65;104;comment
444;true;10;false;49;104;comment
445;true;10;false;1055;106;comment
446;true;10;false;15;106;comment
447;true;10;false;48;107;comment
448;true;10;false;48;108;comment
449;true;10;false;1061;108;comment
450;true;10;false;1031;108;comment
451;true;10;false;66;108;comment
452;true;10;false;1062;108;comment
453;true;10;false;56;108;comment
454;true;10;false;13;108;comment
455;true;10;false;1058;108;comment
456;true;10;false;1054;108;comment
457;true;10;false;1006;108;comment
458;true;10;false;1060;108;comment
459;true;10;false;82;108;comment
460;true;10;false;69;108;comment
461;true;10;false;88;108;comment
462;true;10;false;1055;108;comment
463;true;10;false;61;108;comment
464;true;10;false;81;108;comment
465;true;10;false;49;108;comment
466;true;10;false;48;109;comment
467;true;10;false;65;109;comment
468;true;10;false;1061;109;comment
469;true;10;false;61;109;comment
470;true;10;false;1054;109;comment
471;true;10;false;1059;109;comment
472;true;10;false;48;111;comment
473;true;10;false;1031;111;comment
474;true;10;false;1061;111;comment
475;true;10;false;48;112;comment
476;true;10;false;1061;112;comment
477;true;10;false;48;110;comment
478;true;10;false;82;110;comment
479;true;10;false;82;111;comment
480;true;10;false;48;113;comment
481;true;10;false;13;111;comment
482;true;10;false;1015;111;comment
483;true;10;false;1015;110;comment
484;true;10;false;48;114;comment
485;true;10;false;1061;115;comment
486;true;10;false;48;116;comment
487;true;10;false;48;117;comment
488;true;10;false;1053;112;comment
489;true;10;false;1055;111;comment
490;true;10;false;1054;110;comment
491;true;10;false;1054;111;comment
492;true;10;false;1055;110;comment
493;true;10;false;49;110;comment
494;true;10;false;1053;110;comment
495;true;10;false;86;111;comment
496;true;10;false;1059;111;comment
497;true;10;false;1059;110;comment
498;true;10;false;58;110;comment
499;true;10;false;58;111;comment
500;true;10;false;1060;111;comment
501;true;10;false;1060;110;comment
502;true;10;false;42;110;comment
503;true;10;false;42;111;comment
504;true;10;false;32;110;comment
505;true;10;false;32;111;comment
506;true;10;false;1064;111;comment
507;true;10;false;1064;110;comment
508;true;10;false;15;111;comment
509;true;10;false;15;110;comment
510;true;10;false;1058;110;comment
511;true;10;false;1058;111;comment
512;true;10;false;1053;111;comment
513;true;10;false;47;111;comment
514;true;10;false;47;110;comment
515;true;10;false;65;110;comment
516;true;10;false;48;118;comment
517;true;10;false;1061;118;comment
518;true;10;false;1061;119;comment
519;true;10;false;48;119;comment
520;true;10;false;1055;119;comment
521;true;10;false;1055;118;comment
522;true;10;false;1054;118;comment
523;true;10;false;1054;119;comment
524;true;10;false;49;118;comment
525;true;10;false;48;120;comment
526;true;10;false;1058;118;comment
527;true;10;false;13;118;comment
528;true;10;false;13;119;comment
529;true;10;false;15;119;comment
530;true;10;false;15;118;comment
531;true;10;false;1007;118;comment
532;true;10;false;1007;119;comment
533;true;10;false;69;119;comment
534;true;10;false;69;118;comment
535;true;10;false;1052;118;comment
536;true;10;false;1052;119;comment
537;true;10;false;1015;119;comment
538;true;10;false;1015;118;comment
539;true;10;false;1031;118;comment
540;true;10;false;1031;119;comment
541;true;10;false;65;119;comment
542;true;10;false;65;118;comment
543;true;10;false;66;118;comment
544;true;10;false;66;119;comment
545;true;10;false;48;121;comment
546;true;10;false;48;122;comment
547;true;10;false;1063;122;comment
548;true;10;false;1063;121;comment
549;true;10;false;1061;121;comment
551;true;10;false;1061;122;comment
552;true;10;false;1031;121;comment
553;true;10;false;1031;122;comment
554;true;10;false;1058;121;comment
555;true;10;false;1058;122;comment
556;true;10;false;65;121;comment
557;true;10;false;65;122;comment
558;true;10;false;1054;122;comment
559;true;10;false;1054;121;comment
560;true;10;false;1055;121;comment
561;true;10;false;1055;122;comment
562;true;10;false;1062;121;comment
563;true;10;false;1062;122;comment
564;true;10;false;49;122;comment
565;true;10;false;49;121;comment
566;true;10;false;48;123;comment
567;true;10;false;48;124;comment
568;true;10;false;48;125;comment
569;true;10;false;1061;125;comment
570;true;10;false;48;126;comment
571;true;10;false;48;127;comment
572;true;10;false;1031;123;comment
573;true;10;false;69;123;comment
574;true;10;false;69;125;comment
575;true;10;false;48;128;comment
576;true;10;false;48;129;comment
577;true;10;false;1031;125;comment
578;true;10;false;48;130;comment
579;true;10;false;48;131;comment
580;true;10;false;1031;127;comment
581;true;10;false;13;123;comment
582;true;10;false;61;123;comment
583;true;10;false;61;125;comment
584;true;10;false;1061;124;comment
585;true;10;false;48;132;comment
586;true;10;false;48;124;comment
587;true;10;false;48;133;comment
588;true;10;false;48;134;comment
589;true;10;false;48;135;comment
590;true;10;false;1054;123;comment
591;true;10;false;1054;125;comment
592;true;10;false;62;123;comment
593;true;10;false;48;136;comment
594;true;10;false;65;123;comment
595;true;10;false;65;125;comment
596;true;10;false;1054;124;comment
597;true;10;false;1058;123;comment
598;true;10;false;1057;123;comment
599;true;10;false;69;124;comment
600;true;10;false;13;124;comment
601;true;10;false;48;137;comment
602;true;10;false;1053;124;comment
603;true;10;false;1052;123;comment
604;true;10;false;15;124;comment
605;true;10;false;1055;131;comment
606;true;10;false;1029;123;comment
607;true;10;false;1051;123;comment
608;true;10;false;48;138;comment
609;true;10;false;1054;138;comment
610;true;10;false;1032;124;comment
611;true;10;false;1052;124;comment
612;true;10;false;1055;123;comment
613;true;10;false;1060;124;comment
614;true;10;false;62;124;comment
615;true;10;false;1029;124;comment
616;true;10;false;1031;123;comment
617;true;10;false;47;123;comment
618;true;10;false;47;124;comment
619;true;10;false;1061;129;comment
620;true;10;false;1051;124;comment
621;true;10;false;1058;125;comment
622;true;10;false;58;123;comment
623;true;10;false;58;125;comment
624;true;10;false;1060;124;comment
625;true;10;false;1058;127;comment
626;true;10;false;48;139;comment
627;true;10;false;1062;123;comment
628;true;10;false;1062;125;comment
629;true;10;false;13;125;comment
630;true;10;false;1061;136;comment
631;true;10;false;1055;126;comment
632;true;10;false;1051;125;comment
633;true;10;false;49;123;comment
634;true;10;false;1060;123;comment
635;true;10;false;15;123;comment
636;true;10;false;1006;123;comment
637;true;10;false;1006;125;comment
638;true;10;false;1055;127;comment
639;true;10;false;1061;131;comment
640;true;10;false;1058;124;comment
641;true;10;false;1015;123;comment
642;true;10;false;1015;125;comment
643;true;10;false;1058;126;comment
644;true;10;false;1057;124;comment
645;true;10;false;78;123;comment
646;true;10;false;56;123;comment
647;true;10;false;1031;138;comment
648;true;10;false;1055;124;comment
649;true;10;false;1059;123;comment
650;true;10;false;1059;125;comment
651;true;10;false;1059;129;comment
652;true;10;false;49;132;comment
653;true;10;false;1061;123;comment
654;true;10;false;1061;132;comment
655;true;10;false;78;124;comment
656;true;10;false;1061;128;comment
657;true;10;false;1055;129;comment
658;true;10;false;62;126;comment
659;true;10;false;82;124;comment
660;true;10;false;48;140;comment
661;true;10;false;48;141;comment
662;true;10;false;1061;140;comment
663;true;10;false;1061;141;comment
664;true;10;false;1031;140;comment
665;true;10;false;1031;141;comment
666;true;10;false;48;142;comment
667;true;10;false;48;143;comment
668;true;10;false;13;140;comment
669;true;10;false;1058;140;comment
670;true;10;false;1051;140;comment
671;true;10;false;61;140;comment
672;true;10;false;61;141;comment
673;true;10;false;1054;140;comment
674;true;10;false;1054;141;comment
675;true;10;false;48;144;comment
676;true;10;false;49;140;comment
677;true;10;false;1015;140;comment
678;true;10;false;1015;141;comment
679;true;10;false;48;145;comment
680;true;10;false;1032;140;comment
681;true;10;false;1032;141;comment
682;true;10;false;1055;140;comment
683;true;10;false;1055;141;comment
684;true;10;false;1053;140;comment
685;true;10;false;1053;141;comment
686;true;10;false;1052;140;comment
687;true;10;false;1052;141;comment
688;true;10;false;62;140;comment
689;true;10;false;62;141;comment
690;true;10;false;1057;140;comment
691;true;10;false;86;140;comment
692;true;10;false;48;146;comment
693;true;10;false;15;140;comment
694;true;10;false;15;141;comment
695;true;10;false;1059;140;comment
696;true;10;false;1059;141;comment
697;true;10;false;53;140;comment
698;true;10;false;53;141;comment
699;true;10;false;65;140;comment
700;true;10;false;65;141;comment
701;true;10;false;1060;142;comment
702;true;10;false;69;141;comment
703;true;10;false;69;140;comment
704;true;10;false;48;147;comment
705;true;10;false;1044;140;comment
706;true;10;false;1044;141;comment
707;true;10;false;47;140;comment
708;true;10;false;66;140;comment
709;true;10;false;66;141;comment
710;true;10;false;1062;140;comment
711;true;10;false;1062;141;comment
712;true;10;false;1064;140;comment
713;true;10;false;1064;141;comment
714;true;10;false;48;148;comment
715;true;10;false;48;149;comment
716;true;10;false;1061;148;comment
717;true;10;false;1061;149;comment
718;true;10;false;48;150;comment
719;true;10;false;13;148;comment
720;true;10;false;13;149;comment
721;true;10;false;69;148;comment
722;true;10;false;69;149;comment
723;true;10;false;1052;148;comment
724;true;10;false;1052;149;comment
725;true;10;false;1054;148;comment
726;true;10;false;1054;149;comment
727;true;10;false;48;151;comment
728;true;10;false;48;152;comment
729;true;10;false;1061;151;comment
730;true;10;false;1061;152;comment
731;true;10;false;1058;151;comment
732;true;10;false;1058;152;comment
733;true;10;false;1054;151;comment
734;true;10;false;1054;152;comment
735;true;10;false;1031;151;comment
736;true;10;false;1031;152;comment
737;true;10;false;65;151;comment
738;true;10;false;65;152;comment
739;true;10;false;1057;151;comment
740;true;10;false;1055;151;comment
741;true;10;false;1055;152;comment
742;true;10;false;13;151;comment
743;true;10;false;13;152;comment
744;true;10;false;46;151;comment
745;true;10;false;46;152;comment
746;true;10;false;1054;153;comment
747;true;10;false;48;153;comment
749;true;10;false;69;151;comment
750;true;10;false;69;152;comment
751;true;10;false;49;151;comment
752;true;10;false;49;152;comment
753;true;10;false;1052;151;comment
754;true;10;false;1052;152;comment
755;true;10;false;15;148;comment
756;true;10;false;15;149;comment
757;true;10;false;48;154;comment
758;true;10;false;48;155;comment
759;true;10;false;1061;154;comment
760;true;10;false;1061;155;comment
761;true;10;false;13;154;comment
762;true;10;false;1055;154;comment
763;true;10;false;1055;155;comment
764;true;10;false;1060;154;comment
765;true;10;false;1060;155;comment
766;true;10;false;1059;155;comment
767;true;10;false;1059;154;comment
768;true;10;false;49;154;comment
769;true;10;false;48;156;comment
770;true;10;false;1058;155;comment
771;true;10;false;1058;154;comment
772;true;10;false;81;155;comment
773;true;10;false;81;154;comment
774;true;10;false;1060;156;comment
775;true;10;false;1062;154;comment
776;true;10;false;1062;155;comment
777;true;10;false;48;157;comment
778;true;10;false;48;158;comment
779;true;10;false;62;157;comment
780;true;10;false;62;158;comment
781;true;10;false;1061;157;comment
782;true;10;false;1061;158;comment
783;true;10;false;13;157;comment
784;true;10;false;13;158;comment
785;true;10;false;1052;157;comment
786;true;10;false;1052;158;comment
787;true;10;false;1054;158;comment
788;true;10;false;1054;157;comment
789;true;10;false;1031;157;comment
790;true;10;false;1031;158;comment
791;true;10;false;61;157;comment
792;true;10;false;61;158;comment
793;true;10;false;1055;158;comment
794;true;10;false;1055;157;comment
795;true;10;false;1015;157;comment
796;true;10;false;1015;158;comment
797;true;10;false;1058;158;comment
798;true;10;false;1058;157;comment
799;true;10;false;48;159;comment
800;true;10;false;48;160;comment
801;true;10;false;1061;160;comment
802;true;10;false;1061;159;comment
803;true;10;false;13;160;comment
804;true;10;false;13;159;comment
805;true;10;false;1054;160;comment
806;true;10;false;1054;159;comment
807;true;10;false;1031;160;comment
808;true;10;false;1031;159;comment
809;true;10;false;1055;159;comment
810;true;10;false;1055;160;comment
811;true;10;false;15;160;comment
812;true;10;false;15;159;comment
813;true;10;false;1059;159;comment
814;true;10;false;1059;160;comment
815;true;10;false;48;161;comment
816;true;10;false;48;162;comment
817;true;10;false;1061;161;comment
818;true;10;false;1061;162;comment
819;true;10;false;15;161;comment
820;true;10;false;15;162;comment
821;true;10;false;1059;162;comment
822;true;10;false;1059;161;comment
823;true;10;false;48;163;comment
824;true;10;false;48;164;comment
825;true;10;false;1061;163;comment
826;true;10;false;1061;164;comment
827;true;10;false;13;164;comment
828;true;10;false;13;163;comment
829;true;10;false;69;164;comment
830;true;10;false;69;163;comment
831;true;10;false;1015;163;comment
832;true;10;false;1015;164;comment
833;true;10;false;1062;163;comment
834;true;10;false;1062;164;comment
835;true;10;false;1055;164;comment
836;true;10;false;1055;163;comment
837;true;10;false;1031;163;comment
838;true;10;false;1031;164;comment
839;true;10;false;1063;163;comment
840;true;10;false;1064;164;comment
841;true;10;false;42;163;comment
842;true;10;false;42;164;comment
843;true;10;false;62;163;comment
844;true;10;false;62;164;comment
845;true;10;false;1051;163;comment
846;true;10;false;1051;164;comment
847;true;10;false;82;163;comment
848;true;10;false;82;164;comment
849;true;10;false;3;163;comment
850;true;10;false;3;164;comment
851;true;10;false;1054;163;comment
852;true;10;false;1054;164;comment
853;true;10;false;48;165;comment
854;true;10;false;49;164;comment
855;true;10;false;49;163;comment
856;true;10;false;32;164;comment
857;true;10;false;32;163;comment
858;true;10;false;1058;165;comment
859;true;10;false;48;166;comment
860;true;10;false;1059;163;comment
861;true;10;false;1059;164;comment
862;true;10;false;32;163;comment
863;true;10;false;32;164;comment
864;true;10;false;1064;163;comment
865;true;10;false;1064;164;comment
866;true;10;false;48;166;comment
867;true;10;false;15;163;comment
868;true;10;false;15;164;comment
869;true;10;false;47;163;comment
870;true;10;false;47;164;comment
871;true;10;false;1054;165;comment
872;true;10;false;1052;163;comment
873;true;10;false;1052;164;comment
874;true;10;false;1060;163;comment
875;true;10;false;1060;164;comment
876;true;10;false;48;167;comment
877;true;10;false;48;168;comment
878;true;10;false;1061;167;comment
879;true;10;false;1061;168;comment
880;true;10;false;1054;167;comment
881;true;10;false;1054;168;comment
882;true;10;false;1060;167;comment
883;true;10;false;1060;168;comment
884;true;10;false;1063;167;comment
885;true;10;false;1063;168;comment
886;true;10;false;13;167;comment
887;true;10;false;13;168;comment
888;true;10;false;1058;167;comment
889;true;10;false;1058;168;comment
890;true;10;false;61;167;comment
891;true;10;false;61;168;comment
892;true;10;false;15;167;comment
893;true;10;false;15;168;comment
894;true;10;false;40;167;comment
895;true;10;false;40;168;comment
896;true;10;false;1062;167;comment
897;true;10;false;1062;168;comment
898;true;10;false;48;169;comment
899;true;10;false;48;170;comment
900;true;10;false;13;169;comment
901;true;10;false;13;170;comment
902;true;10;false;1061;169;comment
903;true;10;false;1061;170;comment
904;true;10;false;61;169;comment
905;true;10;false;61;170;comment
906;true;10;false;69;169;comment
907;true;10;false;69;170;comment
908;true;10;false;48;171;comment
909;true;10;false;1051;169;comment
910;true;10;false;1051;170;comment
911;true;10;false;1055;169;comment
912;true;10;false;1055;170;comment
913;true;10;false;1057;169;comment
914;true;10;false;49;169;comment
915;true;10;false;49;170;comment
916;true;10;false;58;169;comment
917;true;10;false;58;170;comment
918;true;10;false;1054;169;comment
919;true;10;false;1054;170;comment
920;true;10;false;15;170;comment
921;true;10;false;15;169;comment
922;true;10;false;3;169;comment
923;true;10;false;3;170;comment
924;true;10;false;42;170;comment
925;true;10;false;42;169;comment
926;true;10;false;1062;170;comment
927;true;10;false;1062;169;comment
928;true;10;false;65;169;comment
929;true;10;false;65;170;comment
930;true;10;false;62;169;comment
931;true;10;false;62;170;comment
932;true;10;false;1059;169;comment
933;true;10;false;1059;170;comment
934;true;10;false;1058;170;comment
935;true;10;false;1058;169;comment
936;true;10;false;1060;169;comment
937;true;10;false;1060;170;comment
938;true;10;false;48;172;comment
939;true;10;false;48;173;comment
940;true;10;false;1061;172;comment
941;true;10;false;1061;173;comment
942;true;10;false;82;172;comment
943;true;10;false;82;173;comment
944;true;10;false;13;172;comment
945;true;10;false;13;173;comment
946;true;10;false;1031;172;comment
947;true;10;false;1031;173;comment
948;true;10;false;1054;172;comment
949;true;10;false;1054;173;comment
950;true;10;false;58;172;comment
951;true;10;false;58;173;comment
952;true;10;false;69;172;comment
953;true;10;false;69;173;comment
954;true;10;false;1055;172;comment
955;true;10;false;1055;173;comment
956;true;10;false;65;172;comment
957;true;10;false;65;173;comment
958;true;10;false;1058;172;comment
959;true;10;false;1058;173;comment
960;true;10;false;82;172;comment
961;true;10;false;82;173;comment
962;true;10;false;15;172;comment
963;true;10;false;15;173;comment
964;true;10;false;1032;172;comment
965;true;10;false;1032;173;comment
966;true;10;false;62;172;comment
967;true;10;false;62;173;comment
968;true;10;false;86;173;comment
969;true;10;false;86;172;comment
970;true;10;false;48;174;comment
971;true;10;false;48;175;comment
972;true;10;false;48;176;comment
973;true;10;false;1061;174;comment
974;true;10;false;1061;175;comment
975;true;10;false;1054;174;comment
976;true;10;false;1054;175;comment
977;true;10;false;48;177;comment
978;true;10;false;15;174;comment
979;true;10;false;15;175;comment
980;true;10;false;82;174;comment
981;true;10;false;82;175;comment
982;true;10;false;13;174;comment
983;true;10;false;13;175;comment
984;true;10;false;61;174;comment
985;true;10;false;61;175;comment
986;true;10;false;49;174;comment
987;true;10;false;49;175;comment
988;true;10;false;1062;174;comment
989;true;10;false;1062;175;comment
990;true;10;false;65;174;comment
991;true;10;false;65;175;comment
992;true;10;false;1060;174;comment
993;true;10;false;1060;175;comment
994;true;10;false;1058;174;comment
995;true;10;false;1058;175;comment
996;true;10;false;62;174;comment
997;true;10;false;62;175;comment
998;true;10;false;1055;174;comment
999;true;10;false;1055;175;comment
1000;true;10;false;48;178;comment
1001;true;10;false;48;179;comment
1002;true;10;false;1061;178;comment
1003;true;10;false;1061;179;comment
1004;true;10;false;66;178;comment
1005;true;10;false;66;179;comment
1006;true;10;false;13;178;comment
1007;true;10;false;13;179;comment
1008;true;10;false;1058;178;comment
1009;true;10;false;1058;179;comment
1010;true;10;false;66;178;comment
1011;true;10;false;66;179;comment
1012;true;10;false;1062;178;comment
1013;true;10;false;1062;179;comment
1014;true;10;false;1055;178;comment
1015;true;10;false;1055;179;comment
1016;true;10;false;1054;178;comment
1017;true;10;false;1054;179;comment
1018;true;10;false;48;180;comment
1019;true;10;false;48;181;comment
1020;true;10;false;1061;180;comment
1021;true;10;false;1061;181;comment
1022;true;10;false;1031;180;comment
1023;true;10;false;1031;181;comment
1024;true;10;false;1058;180;comment
1025;true;10;false;1058;181;comment
1026;true;10;false;48;182;comment
1027;true;10;false;48;183;comment
1028;true;10;false;13;180;comment
1029;true;10;false;13;181;comment
1030;true;10;false;1054;180;comment
1031;true;10;false;1054;181;comment
1032;true;10;false;49;180;comment
1033;true;10;false;49;181;comment
1034;true;10;false;1052;180;comment
1035;true;10;false;1052;181;comment
1036;true;10;false;1062;180;comment
1037;true;10;false;1062;181;comment
1038;true;10;false;1059;180;comment
1039;true;10;false;1059;181;comment
1040;true;10;false;48;184;comment
1041;true;10;false;48;185;comment
1042;true;10;false;1061;184;comment
1043;true;10;false;1061;185;comment
1044;true;10;false;1051;184;comment
1045;true;10;false;1051;185;comment
1046;true;10;false;13;184;comment
1047;true;10;false;13;185;comment
1048;true;10;false;62;184;comment
1049;true;10;false;62;185;comment
1050;true;10;false;1055;184;comment
1051;true;10;false;1055;185;comment
1052;true;10;false;1057;184;comment
1053;true;10;false;1057;185;comment
1054;true;10;false;1054;184;comment
1055;true;10;false;1054;185;comment
1056;true;10;false;15;184;comment
1057;true;10;false;15;185;comment
1058;true;10;false;69;184;comment
1059;true;10;false;69;185;comment
1060;true;10;false;3;184;comment
1061;true;10;false;3;185;comment
1062;true;10;false;1059;184;comment
1063;true;10;false;1059;185;comment
1064;true;10;false;1058;184;comment
1065;true;10;false;1058;185;comment
1066;true;10;false;46;184;comment
1067;true;10;false;46;185;comment
1068;true;10;false;56;184;comment
1069;true;10;false;47;184;comment
1070;true;10;false;47;185;comment
1071;true;10;false;48;186;comment
1072;true;10;false;48;187;comment
1073;true;10;false;1061;186;comment
1074;true;10;false;1061;187;comment
1075;true;10;false;61;186;comment
1076;true;10;false;61;187;comment
1077;true;10;false;1054;186;comment
1078;true;10;false;1054;187;comment
1079;true;10;false;13;186;comment
1080;true;10;false;13;187;comment
1081;true;10;false;48;188;comment
1082;true;10;false;69;186;comment
1083;true;10;false;69;187;comment
1084;true;10;false;1029;186;comment
1085;true;10;false;1029;187;comment
1086;true;10;false;49;186;comment
1087;true;10;false;49;187;comment
1088;true;10;false;48;189;comment
1089;true;10;false;1006;186;comment
1090;true;10;false;1006;187;comment
1091;true;10;false;1058;186;comment
1092;true;10;false;1058;187;comment
1093;true;10;false;1032;186;comment
1094;true;10;false;1032;187;comment
1095;true;10;false;56;186;comment
1096;true;10;false;56;187;comment
1097;true;10;false;1054;188;comment
1098;true;10;false;1062;186;comment
1099;true;10;false;1062;187;comment
1100;true;10;false;1060;186;comment
1101;true;10;false;1060;187;comment
1102;true;10;false;1053;186;comment
1103;true;10;false;1053;187;comment
1104;true;10;false;1057;186;comment
1105;true;10;false;1057;187;comment
1106;true;10;false;1061;188;comment
1107;true;10;false;42;186;comment
1108;true;10;false;42;187;comment
1109;true;10;false;48;190;comment
1110;true;10;false;42;188;comment
1111;true;10;false;47;186;comment
1112;true;10;false;47;187;comment
1113;true;10;false;1055;186;comment
1114;true;10;false;1055;187;comment
1115;true;10;false;1031;186;comment
1116;true;10;false;1031;187;comment
1117;true;10;false;1051;186;comment
1118;true;10;false;1051;186;comment
1119;true;10;false;1058;190;comment
1120;true;10;false;1054;189;comment
1121;true;10;false;1029;189;comment
1122;true;10;false;1059;186;comment
1123;true;10;false;1059;187;comment
1124;true;10;false;1064;186;comment
1125;true;10;false;1064;187;comment
1126;true;10;false;86;186;comment
1127;true;10;false;86;187;comment
1128;true;10;false;58;186;comment
1129;true;10;false;58;187;comment
1130;true;10;false;15;186;comment
1131;true;10;false;15;187;comment
1132;true;10;false;48;191;comment
1133;true;10;false;48;192;comment
1134;true;10;false;48;193;comment
1135;true;10;false;1054;191;comment
1136;true;10;false;1054;192;comment
1137;true;10;false;65;191;comment
1138;true;10;false;65;192;comment
1139;true;10;false;13;191;comment
1140;true;10;false;13;192;comment
1141;true;10;false;1061;191;comment
1142;true;10;false;1061;192;comment
1143;true;10;false;49;191;comment
1144;true;10;false;49;192;comment
1145;true;10;false;1031;191;comment
1146;true;10;false;1031;192;comment
1147;true;10;false;81;191;comment
1148;true;10;false;81;192;comment
1149;true;10;false;1059;191;comment
1150;true;10;false;1059;192;comment
1151;true;10;false;1058;191;comment
1152;true;10;false;1058;192;comment
1153;true;10;false;15;191;comment
1154;true;10;false;15;192;comment
1155;true;10;false;1055;193;comment
1156;true;10;false;48;194;comment
1157;true;10;false;1061;130;comment
1158;true;10;false;1061;194;comment
1159;true;10;false;1062;130;comment
1160;true;10;false;1062;194;comment
1161;true;10;false;13;130;comment
1162;true;10;false;13;194;comment
1163;true;10;false;1054;130;comment
1164;true;10;false;1054;194;comment
1165;true;10;false;1058;130;comment
1166;true;10;false;1058;194;comment
1167;true;10;false;61;130;comment
1168;true;10;false;61;194;comment
1169;true;10;false;1029;130;comment
1170;true;10;false;1029;194;comment
1171;true;10;false;66;130;comment
1172;true;10;false;66;194;comment
1173;true;10;false;48;195;comment
1174;true;10;false;48;196;comment
1175;true;10;false;61;195;comment
1176;true;10;false;61;196;comment
1177;true;10;false;1061;195;comment
1178;true;10;false;1061;196;comment
1179;true;10;false;1054;195;comment
1180;true;10;false;1054;196;comment
1181;true;10;false;1059;195;comment
1182;true;10;false;1059;196;comment
1183;true;10;false;65;195;comment
1184;true;10;false;65;196;comment
1185;true;10;false;69;195;comment
1186;true;10;false;69;196;comment
1187;true;10;false;1062;195;comment
1188;true;10;false;1062;196;comment
1189;true;10;false;48;198;comment
1190;true;10;false;48;199;comment
1191;true;10;false;1031;198;comment
1192;true;10;false;1031;199;comment
1193;true;10;false;1061;198;comment
1194;true;10;false;1061;199;comment
1195;true;10;false;13;198;comment
1196;true;10;false;13;199;comment
1197;true;10;false;48;200;comment
1198;true;10;false;48;201;comment
1199;true;10;false;69;198;comment
1200;true;10;false;69;199;comment
1201;true;10;false;48;202;comment
1202;true;10;false;1054;198;comment
1203;true;10;false;1054;199;comment
1204;true;10;false;56;198;comment
1205;true;10;false;56;199;comment
1206;true;10;false;42;198;comment
1207;true;10;false;42;199;comment
1208;true;10;false;49;198;comment
1209;true;10;false;49;199;comment
1210;true;10;false;62;198;comment
1211;true;10;false;62;199;comment
1212;true;10;false;1055;198;comment
1213;true;10;false;1055;199;comment
1214;true;10;false;32;198;comment
1215;true;10;false;32;199;comment
1216;true;10;false;65;198;comment
1217;true;10;false;65;199;comment
1218;true;10;false;1060;198;comment
1219;true;10;false;1051;198;comment
1220;true;10;false;1051;199;comment
1221;true;10;false;1054;203;comment
1222;true;10;false;1062;198;comment
1223;true;10;false;1062;199;comment
1224;true;10;false;15;198;comment
1225;true;10;false;15;199;comment
1226;true;10;false;1052;198;comment
1227;true;10;false;1052;199;comment
1228;true;10;false;1053;198;comment
1229;true;10;false;1053;199;comment
1230;true;10;false;61;198;comment
1231;true;10;false;61;199;comment
1232;true;10;false;48;204;comment
1233;true;10;false;48;205;comment
1234;true;10;false;1061;204;comment
1235;true;10;false;1061;205;comment
1236;true;10;false;1054;204;comment
1237;true;10;false;1054;205;comment
1238;true;10;false;66;204;comment
1239;true;10;false;66;205;comment
1240;true;10;false;65;204;comment
1241;true;10;false;65;205;comment
1242;true;10;false;1053;204;comment
1243;true;10;false;1053;205;comment
1244;true;10;false;62;204;comment
1245;true;10;false;62;205;comment
1246;true;10;false;1031;204;comment
1247;true;10;false;1031;205;comment
1248;true;10;false;1058;204;comment
1249;true;10;false;1058;205;comment
1251;true;10;false;15;204;comment
1252;true;10;false;15;205;comment
1253;true;10;false;1055;204;comment
1254;true;10;false;1055;205;comment
1255;true;10;false;49;204;comment
1256;true;10;false;49;205;comment
1257;true;10;false;56;204;comment
1258;true;10;false;56;205;comment
1259;true;10;false;13;204;comment
1260;true;10;false;13;205;comment
1261;true;10;false;69;204;comment
1262;true;10;false;69;205;comment
1263;true;10;false;61;204;comment
1264;true;10;false;61;205;comment
1265;true;10;false;1015;204;comment
1266;true;10;false;1015;205;comment
1267;true;10;false;47;204;comment
1268;true;10;false;47;205;comment
1269;true;10;false;48;206;comment
1270;true;10;false;48;207;comment
1271;true;10;false;48;208;comment
1272;true;10;false;1055;206;comment
1273;true;10;false;1055;207;comment
1274;true;10;false;1061;206;comment
1275;true;10;false;1061;207;comment
1276;true;10;false;1031;206;comment
1277;true;10;false;1031;207;comment
1278;true;10;false;1058;206;comment
1279;true;10;false;1058;207;comment
1280;true;10;false;1054;206;comment
1281;true;10;false;1054;207;comment
1282;true;10;false;65;206;comment
1283;true;10;false;65;207;comment
1284;true;10;false;48;209;comment
1285;true;10;false;65;206;comment
1286;true;10;false;65;207;comment
1287;true;10;false;1029;206;comment
1288;true;10;false;1029;207;comment
1289;true;10;false;1054;209;comment
1290;true;10;false;1054;210;comment
1291;true;10;false;65;211;comment
1292;true;10;false;15;206;comment
1293;true;10;false;15;207;comment
1294;true;10;false;65;209;comment
1295;true;10;false;1061;210;comment
1296;true;10;false;49;206;comment
1297;true;10;false;49;207;comment
1298;true;10;false;48;211;comment
1299;true;10;false;69;206;comment
1300;true;10;false;69;207;comment
1301;true;10;false;1032;206;comment
1302;true;10;false;1032;207;comment
1303;true;10;false;78;206;comment
1304;true;10;false;78;207;comment
1305;true;10;false;1061;209;comment
1306;true;10;false;13;206;comment
1307;true;10;false;13;207;comment
1308;true;10;false;49;211;comment
1309;true;10;false;1062;206;comment
1310;true;10;false;1062;207;comment
1311;true;10;false;48;212;comment
1312;true;10;false;48;213;comment
1313;true;10;false;1061;212;comment
1314;true;10;false;1061;213;comment
1315;true;10;false;1054;212;comment
1316;true;10;false;1054;213;comment
1317;true;10;false;49;212;comment
1318;true;10;false;49;213;comment
1319;true;10;false;62;212;comment
1320;true;10;false;62;213;comment
1321;true;10;false;15;212;comment
1322;true;10;false;15;213;comment
1324;true;10;false;1054;214;comment
1325;true;10;false;1054;215;comment
1326;true;10;false;1062;212;comment
1327;true;10;false;1062;213;comment
1328;true;10;false;1055;211;comment
1329;true;10;false;1055;212;comment
1330;true;10;false;48;216;comment
1331;true;10;false;48;217;comment
1332;true;10;false;1061;216;comment
1333;true;10;false;1061;217;comment
1334;true;10;false;1031;216;comment
1335;true;10;false;1031;217;comment
1336;true;10;false;1054;216;comment
1337;true;10;false;1054;217;comment
1338;true;10;false;1058;216;comment
1339;true;10;false;1058;217;comment
1340;true;10;false;1062;216;comment
1341;true;10;false;1062;217;comment
1342;true;10;false;1059;216;comment
1343;true;10;false;1059;217;comment
1344;true;10;false;48;218;comment
1345;true;10;false;48;219;comment
1346;true;10;false;1031;218;comment
1347;true;10;false;1031;219;comment
1348;true;10;false;1061;218;comment
1349;true;10;false;1061;219;comment
1350;true;10;false;61;218;comment
1351;true;10;false;61;219;comment
1352;true;10;false;49;218;comment
1353;true;10;false;49;219;comment
1354;true;10;false;13;218;comment
1355;true;10;false;13;219;comment
1356;true;10;false;1054;218;comment
1357;true;10;false;1054;219;comment
1358;true;10;false;1055;218;comment
1359;true;10;false;1055;219;comment
1360;true;10;false;1058;218;comment
1361;true;10;false;1058;219;comment
1362;true;10;false;86;218;comment
1363;true;10;false;86;219;comment
1364;true;10;false;13;218;comment
1365;true;10;false;13;219;comment
1366;true;10;false;48;220;comment
1367;true;10;false;48;221;comment
1368;true;10;false;48;222;comment
1369;true;10;false;69;223;comment
1370;true;10;false;1061;220;comment
1371;true;10;false;1061;221;comment
1372;true;10;false;1054;220;comment
1373;true;10;false;1054;221;comment
1374;true;10;false;48;223;comment
1375;true;10;false;49;220;comment
1376;true;10;false;49;221;comment
1377;true;10;false;48;224;comment
1378;true;10;false;48;225;comment
1379;true;10;false;1061;224;comment
1380;true;10;false;1061;225;comment
1381;true;10;false;1058;224;comment
1382;true;10;false;1058;225;comment
1383;true;10;false;48;226;comment
1384;true;10;false;61;224;comment
1385;true;10;false;61;225;comment
1386;true;10;false;48;227;comment
1387;true;10;false;1054;224;comment
1388;true;10;false;1054;225;comment
1389;true;10;false;48;228;comment
1390;true;10;false;1051;224;comment
1391;true;10;false;1051;225;comment
1392;true;10;false;1061;228;comment
1393;true;10;false;1015;224;comment
1394;true;10;false;1015;225;comment
1395;true;10;false;13;224;comment
1396;true;10;false;13;225;comment
1397;true;10;false;1054;226;comment
1398;true;10;false;66;224;comment
1399;true;10;false;66;225;comment
1400;true;10;false;1059;224;comment
1401;true;10;false;1059;225;comment
1402;true;10;false;56;224;comment
1403;true;10;false;56;225;comment
1404;true;10;false;48;229;comment
1405;true;10;false;49;224;comment
1406;true;10;false;49;225;comment
1407;true;10;false;1031;224;comment
1408;true;10;false;1031;225;comment
1409;true;10;false;1061;226;comment
1410;true;10;false;1061;227;comment
1411;true;10;false;1052;226;comment
1412;true;10;false;1030;226;comment
1413;true;10;false;69;224;comment
1414;true;10;false;69;225;comment
1415;true;10;false;1062;224;comment
1416;true;10;false;1062;225;comment
1417;true;10;false;47;229;comment
1418;true;10;false;86;224;comment
1419;true;10;false;86;225;comment
1420;true;10;false;47;224;comment
1421;true;10;false;47;225;comment
1422;true;10;false;49;226;comment
1423;true;10;false;1055;226;comment
1424;true;10;false;1055;224;comment
1425;true;10;false;1055;225;comment
1426;true;10;false;69;228;comment
1427;true;10;false;48;230;comment
1428;true;10;false;48;231;comment
1429;true;10;false;1061;230;comment
1430;true;10;false;1061;231;comment
1431;true;10;false;13;230;comment
1432;true;10;false;13;231;comment
1433;true;10;false;1054;230;comment
1434;true;10;false;1054;231;comment
1435;true;10;false;48;232;comment
1436;true;10;false;42;230;comment
1437;true;10;false;42;231;comment
1438;true;10;false;61;230;comment
1439;true;10;false;61;231;comment
1440;true;10;false;1055;230;comment
1441;true;10;false;1055;231;comment
1442;true;10;false;1058;230;comment
1443;true;10;false;1058;231;comment
1444;true;10;false;1062;230;comment
1445;true;10;false;1062;231;comment
1446;true;10;false;1059;230;comment
1447;true;10;false;1059;231;comment
1448;true;10;false;48;233;comment
1449;true;10;false;48;234;comment
1450;true;10;false;1054;233;comment
1451;true;10;false;1054;234;comment
1452;true;10;false;13;233;comment
1453;true;10;false;13;234;comment
1454;true;10;false;49;233;comment
1455;true;10;false;49;234;comment
1456;true;10;false;1059;233;comment
1457;true;10;false;1059;234;comment
1458;true;10;false;48;235;comment
1459;true;10;false;48;236;comment
1460;true;10;false;1061;235;comment
1461;true;10;false;1061;236;comment
1462;true;10;false;66;235;comment
1463;true;10;false;66;236;comment
1464;true;10;false;1054;235;comment
1465;true;10;false;1054;236;comment
1466;true;10;false;49;235;comment
1467;true;10;false;49;236;comment
1468;true;10;false;1055;235;comment
1469;true;10;false;1055;236;comment
1470;true;10;false;1060;235;comment
1471;true;10;false;1060;236;comment
1472;true;10;false;13;235;comment
1473;true;10;false;13;236;comment
1474;true;10;false;1031;235;comment
1475;true;10;false;1031;236;comment
1476;true;10;false;42;235;comment
1477;true;10;false;42;236;comment
1478;true;10;false;69;235;comment
1479;true;10;false;69;236;comment
1480;true;10;false;1058;235;comment
1481;true;10;false;1058;236;comment
1482;true;10;false;1057;235;comment
1483;true;10;false;1057;236;comment
1484;true;10;false;65;235;comment
1485;true;10;false;65;236;comment
1486;true;10;false;1006;235;comment
1487;true;10;false;1006;236;comment
1488;true;10;false;48;238;comment
1489;true;10;false;48;239;comment
1490;true;10;false;1058;238;comment
1491;true;10;false;1058;239;comment
1492;true;10;false;1061;238;comment
1493;true;10;false;1061;239;comment
1494;true;10;false;69;238;comment
1495;true;10;false;69;239;comment
1496;true;10;false;62;238;comment
1497;true;10;false;62;239;comment
1498;true;10;false;13;238;comment
1499;true;10;false;13;239;comment
1500;true;10;false;1054;238;comment
1501;true;10;false;1054;239;comment
1502;true;10;false;1060;238;comment
1503;true;10;false;1060;239;comment
1504;true;10;false;42;238;comment
1505;true;10;false;42;239;comment
1506;true;10;false;1051;238;comment
1507;true;10;false;1051;239;comment
1508;true;10;false;49;238;comment
1509;true;10;false;49;239;comment
1510;true;10;false;1030;238;comment
1511;true;10;false;1030;239;comment
1512;true;10;false;81;238;comment
1513;true;10;false;81;239;comment
1514;true;10;false;15;238;comment
1515;true;10;false;15;239;comment
1516;true;10;false;1062;238;comment
1517;true;10;false;1062;239;comment
1518;true;10;false;65;238;comment
1519;true;10;false;65;239;comment
1520;true;10;false;1055;238;comment
1521;true;10;false;1055;239;comment
1522;true;10;false;48;240;comment
1523;true;10;false;48;241;comment
1524;true;10;false;13;240;comment
1525;true;10;false;13;241;comment
1526;true;10;false;1061;240;comment
1527;true;10;false;1061;241;comment
1528;true;10;false;48;242;comment
1529;true;10;false;48;243;comment
1530;true;10;false;1055;240;comment
1531;true;10;false;1055;241;comment
1532;true;10;false;1058;240;comment
1533;true;10;false;1058;241;comment
1534;true;10;false;69;240;comment
1535;true;10;false;69;241;comment
1536;true;10;false;45;240;comment
1537;true;10;false;45;241;comment
1538;true;10;false;15;240;comment
1539;true;10;false;15;241;comment
1540;true;10;false;1054;240;comment
1541;true;10;false;1054;241;comment
1542;true;10;false;1051;240;comment
1543;true;10;false;1051;241;comment
1544;true;10;false;49;240;comment
1545;true;10;false;49;241;comment
1546;true;10;false;48;244;comment
1547;true;10;false;1064;240;comment
1548;true;10;false;1064;241;comment
1549;true;10;false;48;245;comment
1550;true;10;false;58;240;comment
1551;true;10;false;58;241;comment
1552;true;10;false;48;246;comment
1553;true;10;false;62;240;comment
1554;true;10;false;62;241;comment
1555;true;10;false;47;240;comment
1556;true;10;false;47;241;comment
1557;true;10;false;1057;240;comment
1558;true;10;false;1057;241;comment
1559;true;10;false;1054;245;comment
1560;true;10;false;1060;240;comment
1561;true;10;false;1060;241;comment
1562;true;10;false;3;240;comment
1563;true;10;false;3;241;comment
1564;true;10;false;1015;240;comment
1565;true;10;false;1015;241;comment
1566;true;10;false;78;240;comment
1567;true;10;false;78;241;comment
1568;true;10;false;48;247;comment
1569;true;10;false;86;240;comment
1570;true;10;false;86;241;comment
1571;true;10;false;65;240;comment
1572;true;10;false;65;241;comment
1573;true;10;false;62;242;comment
1574;true;10;false;1054;246;comment
1575;true;10;false;1054;243;comment
1576;true;10;false;1053;240;comment
1577;true;10;false;1053;241;comment
1578;true;10;false;1061;242;comment
1579;true;10;false;15;243;comment
1580;true;10;false;1062;240;comment
1581;true;10;false;1062;241;comment
1582;true;10;false;1032;242;comment
1583;true;10;false;1059;240;comment
1584;true;10;false;1059;241;comment
1585;true;10;false;48;248;comment
1586;true;10;false;48;249;comment
1587;true;10;false;1058;248;comment
1588;true;10;false;1058;249;comment
1589;true;10;false;1061;248;comment
1590;true;10;false;1061;249;comment
1591;true;10;false;1054;248;comment
1592;true;10;false;1054;249;comment
1593;true;10;false;49;248;comment
1594;true;10;false;49;249;comment
1595;true;10;false;48;250;comment
1596;true;10;false;48;251;comment
1597;true;10;false;1055;250;comment
1598;true;10;false;1055;251;comment
1599;true;10;false;1061;250;comment
1600;true;10;false;1061;251;comment
1601;true;10;false;82;250;comment
1602;true;10;false;82;251;comment
1603;true;10;false;1058;250;comment
1604;true;10;false;1058;251;comment
1605;true;10;false;69;250;comment
1606;true;10;false;69;251;comment
1607;true;10;false;1030;250;comment
1608;true;10;false;1030;251;comment
1609;true;10;false;48;252;comment
1610;true;10;false;48;253;comment
1611;true;10;false;1061;252;comment
1612;true;10;false;1061;253;comment
1613;true;10;false;48;254;comment
1614;true;10;false;69;252;comment
1615;true;10;false;69;253;comment
1616;true;10;false;13;253;comment
1617;true;10;false;13;254;comment
1618;true;10;false;48;256;comment
1619;true;10;false;1015;252;comment
1620;true;10;false;1015;253;comment
1621;true;10;false;48;257;comment
1622;true;10;false;48;258;comment
1623;true;10;false;62;252;comment
1624;true;10;false;62;253;comment
1625;true;10;false;48;259;comment
1626;true;10;false;1029;252;comment
1627;true;10;false;1029;253;comment
1628;true;10;false;1054;252;comment
1629;true;10;false;1054;253;comment
1630;true;10;false;61;252;comment
1631;true;10;false;61;253;comment
1632;true;10;false;1031;252;comment
1633;true;10;false;1031;253;comment
1634;true;10;false;48;260;comment
1635;true;10;false;1058;252;comment
1636;true;10;false;1058;253;comment
1637;true;10;false;1057;252;comment
1638;true;10;false;1057;253;comment
1639;true;10;false;1059;252;comment
1640;true;10;false;1059;253;comment
1641;true;10;false;62;256;comment
1642;true;10;false;1052;256;comment
1643;true;10;false;58;252;comment
1644;true;10;false;58;253;comment
1645;true;10;false;1055;252;comment
1646;true;10;false;1055;253;comment
1647;true;10;false;1063;252;comment
1648;true;10;false;1063;253;comment
1649;true;10;false;1051;252;comment
1650;true;10;false;1051;253;comment
1651;true;10;false;3;252;comment
1652;true;10;false;3;253;comment
1653;true;10;false;15;252;comment
1654;true;10;false;15;253;comment
1655;true;10;false;49;252;comment
1656;true;10;false;49;253;comment
1657;true;10;false;1061;257;comment
1658;true;10;false;58;258;comment
1659;true;10;false;1060;252;comment
1660;true;10;false;1060;253;comment
1661;true;10;false;1055;259;comment
1662;true;10;false;48;255;comment
1663;true;10;false;47;252;comment
1664;true;10;false;47;253;comment
1665;true;10;false;49;256;comment
1666;true;10;false;69;254;comment
1667;true;10;false;48;261;comment
1668;true;10;false;48;262;comment
1669;true;10;false;1058;261;comment
1670;true;10;false;1058;262;comment
1671;true;10;false;1061;261;comment
1672;true;10;false;1061;262;comment
1673;true;10;false;62;261;comment
1674;true;10;false;62;262;comment
1675;true;10;false;1054;261;comment
1676;true;10;false;1054;262;comment
1677;true;10;false;1060;261;comment
1678;true;10;false;1060;262;comment
1679;true;10;false;65;261;comment
1680;true;10;false;65;262;comment
1681;true;10;false;1055;261;comment
1682;true;10;false;1055;262;comment
1683;true;10;false;82;261;comment
1684;true;10;false;82;262;comment
1685;true;10;false;13;261;comment
1686;true;10;false;13;262;comment
1687;true;10;false;1029;261;comment
1688;true;10;false;1029;262;comment
1689;true;10;false;1059;261;comment
1690;true;10;false;1059;262;comment
1691;true;10;false;48;263;comment
1692;true;10;false;48;264;comment
1693;true;10;false;1061;263;comment
1694;true;10;false;1061;264;comment
1695;true;10;false;48;265;comment
1696;true;10;false;1031;263;comment
1697;true;10;false;1031;264;comment
1698;true;10;false;1058;263;comment
1699;true;10;false;1058;264;comment
1700;true;10;false;13;263;comment
1701;true;10;false;13;264;comment
1702;true;10;false;69;263;comment
1703;true;10;false;69;264;comment
1704;true;10;false;47;263;comment
1705;true;10;false;47;264;comment
1706;true;10;false;1051;263;comment
1707;true;10;false;1051;264;comment
1708;true;10;false;82;263;comment
1709;true;10;false;82;264;comment
1710;true;10;false;1054;263;comment
1711;true;10;false;1054;264;comment
1712;true;10;false;48;266;comment
1713;true;10;false;49;263;comment
1714;true;10;false;49;264;comment
1715;true;10;false;1006;263;comment
1716;true;10;false;1006;264;comment
1717;true;10;false;1055;263;comment
1718;true;10;false;1055;264;comment
1719;true;10;false;1031;265;comment
1720;true;10;false;15;263;comment
1721;true;10;false;15;264;comment
1722;true;10;false;48;267;comment
1723;true;10;false;1053;263;comment
1724;true;10;false;1053;264;comment
1725;true;10;false;49;265;comment
1726;true;10;false;1015;263;comment
1727;true;10;false;1015;264;comment
1728;true;10;false;1054;266;comment
1729;true;10;false;69;265;comment
1730;true;10;false;1057;263;comment
1731;true;10;false;1057;264;comment
1732;true;10;false;62;263;comment
1733;true;10;false;62;264;comment
1734;true;10;false;1058;265;comment
1735;true;10;false;1062;263;comment
1736;true;10;false;1062;264;comment
1737;true;10;false;65;265;comment
1738;true;10;false;65;266;comment
1739;true;10;false;61;263;comment
1740;true;10;false;61;264;comment
1741;true;10;false;48;268;comment
1742;true;10;false;48;269;comment
1743;true;10;false;1061;268;comment
1744;true;10;false;1061;269;comment
1745;true;10;false;13;268;comment
1746;true;10;false;13;269;comment
1747;true;10;false;1054;268;comment
1748;true;10;false;1054;269;comment
1749;true;10;false;1058;268;comment
1750;true;10;false;1058;269;comment
1751;true;10;false;1055;268;comment
1752;true;10;false;1055;269;comment
1753;true;10;false;48;270;comment
1754;true;10;false;1057;268;comment
1755;true;10;false;1057;269;comment
1756;true;10;false;48;271;comment
1757;true;10;false;61;268;comment
1758;true;10;false;61;269;comment
1759;true;10;false;48;272;comment
1760;true;10;false;48;273;comment
1761;true;10;false;1053;268;comment
1762;true;10;false;1053;269;comment
1763;true;10;false;1055;268;comment
1764;true;10;false;1055;269;comment
1765;true;10;false;3;268;comment
1766;true;10;false;3;269;comment
1767;true;10;false;86;268;comment
1768;true;10;false;86;269;comment
1769;true;10;false;69;268;comment
1770;true;10;false;69;269;comment
1771;true;10;false;1062;268;comment
1772;true;10;false;1062;269;comment
1773;true;10;false;42;268;comment
1774;true;10;false;42;269;comment
1775;true;10;false;1059;268;comment
1776;true;10;false;1059;269;comment
1777;true;10;false;48;274;comment
1778;true;10;false;48;275;comment
1779;true;10;false;1061;274;comment
1780;true;10;false;1061;275;comment
1781;true;10;false;1058;274;comment
1782;true;10;false;1058;275;comment
1783;true;10;false;61;274;comment
1784;true;10;false;61;275;comment
1785;true;10;false;13;274;comment
1786;true;10;false;13;275;comment
1787;true;10;false;1054;274;comment
1788;true;10;false;1054;275;comment
1789;true;10;false;1055;274;comment
1790;true;10;false;1055;275;comment
1791;true;10;false;62;274;comment
1792;true;10;false;62;275;comment
1793;true;10;false;1031;274;comment
1794;true;10;false;1031;275;comment
1795;true;10;false;1060;274;comment
1796;true;10;false;1060;275;comment
1797;true;10;false;1015;274;comment
1798;true;10;false;1015;275;comment
1799;true;10;false;69;274;comment
1800;true;10;false;69;275;comment
1801;true;10;false;49;274;comment
1802;true;10;false;49;275;comment
1803;true;10;false;1032;274;comment
1804;true;10;false;1032;275;comment
1805;true;10;false;15;274;comment
1806;true;10;false;15;275;comment
1807;true;10;false;1007;274;comment
1808;true;10;false;1007;275;comment
1809;true;10;false;1059;274;comment
1810;true;10;false;1059;275;comment
