id;score_channel;is_show_channel;channel_id;category_id;comment
1;700;true;1;55;comment
2;710;true;2;55;comment
3;720;true;3;55;comment
4;730;true;4;55;comment
5;740;true;5;55;comment
6;750;true;6;55;comment
7;750;true;7;55;comment
8;760;true;8;55;comment
9;770;true;9;55;comment
10;780;true;10;55;comment
11;790;true;11;55;comment
12;800;true;12;55;comment
13;810;true;13;55;comment
14;820;true;14;55;comment
15;830;true;15;55;comment
16;840;true;16;55;comment
17;850;true;17;55;comment
18;860;true;18;55;comment
19;870;true;19;55;comment
20;880;true;20;55;comment
21;890;true;21;55;comment
22;900;true;22;55;comment
23;910;true;23;55;comment
24;920;true;24;55;comment
25;930;true;114;55;comment
26;940;true;26;55;comment
27;950;true;27;55;comment
28;960;true;28;55;comment
29;970;true;29;55;comment
30;980;true;30;55;comment
31;990;true;31;55;comment
32;1000;true;32;55;comment
33;1010;true;33;55;comment
34;10;true;34;54;comment
35;20;true;35;54;comment
36;30;true;36;54;comment
37;100;true;37;54;comment
38;200;true;38;54;comment
39;300;true;39;54;comment
40;25;true;40;54;comment
41;35;true;41;54;comment
42;350;true;42;54;comment
43;90;true;43;54;comment
44;80;true;44;54;comment
45;70;true;45;54;comment
46;210;true;46;54;comment
47;80;true;47;54;comment
48;110;true;48;54;comment
49;120;true;49;54;comment
50;130;true;50;54;comment
51;140;true;51;54;comment
52;230;true;52;54;comment
53;150;true;53;54;comment
54;210;true;54;54;comment
55;40;true;55;54;comment
56;160;true;56;54;comment
57;190;true;57;54;comment
58;180;true;58;54;comment
59;170;true;59;54;comment
60;220;true;60;54;comment
61;240;true;61;54;comment
62;280;true;62;54;comment
63;290;true;63;54;comment
64;295;true;64;54;comment
65;95;true;65;54;comment
66;145;true;66;54;comment
67;310;true;67;54;comment
68;320;true;68;54;comment
69;245;true;69;54;comment
70;330;true;70;54;comment
71;246;true;71;54;comment
72;450;true;72;54;comment
73;305;true;73;54;comment
74;340;true;74;54;comment
76;203;true;76;54;comment
77;199;true;77;54;comment
78;165;true;78;54;comment
79;204;true;79;54;comment
80;150;true;80;96;comment
81;150;true;80;66;comment
82;150;true;80;19;comment
83;50;true;81;55;comment
84;95;true;82;98;comment
85;95;true;82;65;comment
86;20;true;83;65;comment
87;20;true;83;98;comment
88;90;true;84;65;comment
89;90;true;84;98;comment
90;40;true;85;65;comment
91;40;true;85;98;comment
92;55;true;86;98;comment
93;10;true;87;65;comment
94;10;true;87;98;comment
95;100;true;88;65;comment
96;100;true;88;98;comment
97;80;true;89;65;comment
98;80;true;89;98;comment
99;110;true;90;65;comment
100;110;true;90;98;comment
101;70;true;91;65;comment
102;70;true;91;98;comment
103;30;true;92;65;comment
104;30;true;92;98;comment
105;60;true;93;65;comment
106;60;true;93;98;comment
107;30;true;94;65;comment
108;30;true;94;98;comment
109;105;true;95;65;comment
110;105;true;95;98;comment
111;60;true;96;65;comment
112;60;true;96;98;comment
113;10;true;97;97;comment
114;10;true;97;65;comment
115;15;true;98;97;comment
116;15;true;98;65;comment
117;30;true;99;97;comment
118;30;true;99;65;comment
121;20;true;101;97;comment
122;20;true;101;65;comment
123;80;true;102;97;comment
124;80;true;102;65;comment
125;60;true;103;97;comment
126;60;true;103;65;comment
127;40;true;104;97;comment
128;40;true;104;65;comment
129;65;true;105;97;comment
130;65;true;105;65;comment
131;45;true;106;97;comment
132;45;true;106;65;comment
133;50;true;107;97;comment
134;50;true;107;65;comment
135;70;true;108;97;comment
136;70;true;108;65;comment
137;90;true;109;97;comment
138;90;true;109;65;comment
139;60;true;110;97;comment
140;60;true;110;65;comment
141;75;true;111;97;comment
142;75;true;111;65;comment
143;85;true;112;97;comment
144;85;true;112;65;comment
145;95;true;113;97;comment
146;95;true;113;65;comment
810;50;true;55;48;comment
820;55;true;65;48;comment
1000;150;true;75;96;comment
1350;150;true;75;66;comment
1550;150;true;75;19;comment
2000;50;true;2000;48;comment
2001;60;true;2001;48;comment
2002;10;true;2002;48;comment
2003;70;true;2003;48;comment
2004;10;true;2004;48;comment
2005;30;true;2005;48;comment
2006;130;true;2006;48;comment
2007;200;true;2007;48;comment
2008;210;true;2008;48;comment
2009;230;true;2009;48;comment
2010;240;true;2010;48;comment
2011;110;true;2011;48;comment
2012;140;true;2012;48;comment
2013;120;true;2013;48;comment
2014;160;true;2014;48;comment
2015;250;true;2015;48;comment
2016;300;true;2016;48;comment
2017;310;true;2017;48;comment
2018;460;true;2018;48;comment
2019;480;true;2019;48;comment
2020;110;true;2020;48;comment
2021;60;true;2021;48;comment
2022;150;true;2022;48;comment
2023;330;true;2023;48;comment
2024;120;true;2024;48;comment
2025;250;true;2025;48;comment
2026;160;true;2026;48;comment
2027;270;true;2027;48;comment
2028;380;true;2028;48;comment
2029;180;true;2029;48;comment
2030;290;true;2030;48;comment
2031;320;true;2031;48;comment
2032;200;true;2032;48;comment
2033;310;true;2033;48;comment
2034;340;true;2034;48;comment
2035;350;true;2035;48;comment
2036;360;true;2036;48;comment
2037;370;true;2037;48;comment
2038;380;true;2038;48;comment
2039;390;true;2039;48;comment
2040;300;true;2040;48;comment
2041;200;true;2041;48;comment
2042;40;true;2063;97;comment
2043;40;true;2063;65;comment
2044;50;true;2044;66;comment
2045;200;true;2064;48;comment
2046;210;true;2065;48;comment
2047;30;true;2041;66;comment
2048;20;true;2042;66;comment
2049;80;true;2043;66;comment
2050;50;true;2045;66;comment
2051;90;true;2046;66;comment
2052;200;true;2047;66;comment
2053;100;true;2048;66;comment
2054;120;true;2049;66;comment
2055;100;true;2050;66;comment
2056;130;true;2051;66;comment
2057;150;true;2052;66;comment
2058;200;true;2053;66;comment
2059;150;true;2054;66;comment
2060;80;true;2055;66;comment
2061;50;true;2056;66;comment
2062;180;true;2057;66;comment
2063;200;true;2058;66;comment
2064;120;true;2059;66;comment
2065;230;true;2060;66;comment
2066;350;true;2061;66;comment
2067;350;true;2062;48;comment
2068;50;true;2066;48;comment
2069;90;true;2067;48;comment
2070;10;true;2068;66;comment
2071;240;true;2069;48;comment
2072;180;true;2070;48;comment
2073;170;true;2071;48;comment
2074;100;true;2072;48;comment
2075;110;true;2073;48;comment
2076;250;true;2074;48;comment
2077;100;true;2075;48;comment
2078;160;true;2076;48;comment
2079;250;true;2077;48;comment
2080;120;true;2078;48;comment
2081;190;true;2079;48;comment
2082;170;true;2080;48;comment
2083;250;true;2081;48;comment
2084;220;true;2082;66;comment
2085;300;true;2083;48;comment
2086;250;true;2084;48;comment
2087;260;true;2085;48;comment
2088;300;true;2086;48;comment
2089;320;true;2087;48;comment
2090;590;true;2088;48;comment
2091;40;true;2088;1000;comment
2092;240;true;2089;48;comment
2093;50;true;2044;96;comment
2094;240;true;2041;96;comment
2095;100;true;2042;96;comment
2096;150;true;2043;96;comment
2097;180;true;2044;96;comment
2098;190;true;2045;96;comment
2099;200;true;2046;96;comment
2100;220;true;2047;96;comment
2101;250;true;2048;96;comment
2102;60;true;2049;96;comment
2103;200;true;2050;96;comment
2104;170;true;2051;96;comment
2105;320;true;2052;96;comment
2106;190;true;2053;96;comment
2107;140;true;2054;96;comment
2108;50;true;2055;96;comment
2109;50;true;2056;96;comment
2110;60;true;2057;96;comment
2111;400;true;2058;96;comment
2112;200;true;2059;96;comment
2113;150;true;2060;96;comment
2114;500;true;2061;96;comment
2115;10;true;2091;6;comment
2116;20;true;2092;6;comment
2117;30;true;2093;6;comment
2118;100;true;2094;6;comment
2119;40;true;2095;6;comment
2120;50;true;2096;6;comment
2121;10;true;2097;6;comment
2122;480;true;2098;6;comment
2123;60;true;2099;6;comment
2124;200;true;2100;6;comment
2125;210;true;2101;6;comment
2126;300;true;2102;6;comment
2127;320;true;2103;6;comment
2128;580;true;2104;6;comment
2129;490;true;2105;6;comment
2130;100;true;2106;6;comment
2131;100;true;2107;6;comment
2132;300;true;2108;6;comment
2133;240;true;2109;6;comment
2134;250;true;2110;6;comment
2135;260;true;2111;6;comment
2136;500;true;2112;6;comment
2137;50;true;2044;66;comment
2138;10;true;2041;19;comment
2139;20;true;2042;19;comment
2140;80;true;2043;19;comment
2141;90;true;2044;19;comment
2142;50;true;2045;19;comment
2143;60;true;2046;19;comment
2144;70;true;2047;19;comment
2145;100;true;2048;19;comment
2146;130;true;2049;19;comment
2147;100;true;2050;19;comment
2148;120;true;2051;19;comment
2149;150;true;2052;19;comment
2150;170;true;2053;19;comment
2151;190;true;2054;19;comment
2152;200;true;2055;19;comment
2153;210;true;2056;19;comment
2154;220;true;2057;19;comment
2155;230;true;2058;19;comment
2156;240;true;2059;19;comment
2157;250;true;2060;19;comment
2158;260;true;2061;19;comment
2159;10;true;2113;1001;comment
2160;20;true;2114;1001;comment
2161;30;true;2115;1001;comment
2162;40;true;2116;1001;comment
2163;50;true;2116;1001;comment
2164;60;true;2118;1001;comment
2165;70;true;2119;1001;comment
2166;80;true;2120;1001;comment
2167;90;true;2121;1001;comment
2168;100;true;2122;1002;comment
2169;120;true;2123;1002;comment
2170;130;true;2124;1002;comment
2171;140;true;2125;1002;comment
2172;150;true;2126;1002;comment
2173;160;true;2127;1002;comment
2174;10;true;2128;1003;comment
2175;20;true;2129;1003;comment
2176;30;true;2130;1003;comment
2177;40;true;2131;1003;comment
2178;50;true;2134;1001;comment
2179;60;true;2135;1003;comment
2180;70;true;2136;1004;comment
2181;80;true;2137;1004;comment
2182;90;true;2138;1004;comment
2183;100;true;2139;1004;comment
2184;110;true;2140;1004;comment
2185;10;true;2141;81;comment
2186;20;true;2142;81;comment
2187;30;true;2143;81;comment
2188;40;true;2144;81;comment
2189;50;true;2145;81;comment
2190;60;true;2146;81;comment
2191;70;true;2147;81;comment
2192;80;true;2148;81;comment
2193;90;true;2149;81;comment
2194;110;true;2150;81;comment
2195;120;true;2151;81;comment
2196;130;true;2152;81;comment
2197;140;true;2153;81;comment
2198;150;true;2154;81;comment
2199;160;true;2155;81;comment
2200;170;true;2156;81;comment
2201;180;true;2157;81;comment
2202;190;true;2158;81;comment
2203;200;true;2159;81;comment
2204;210;true;2160;81;comment
2205;220;true;2161;81;comment
2206;230;true;2139;39;comment
2207;240;true;2162;39;comment
2208;120;true;2162;1004;comment
2209;120;true;2162;39;comment
2210;10;true;2113;39;comment
2211;20;true;2114;39;comment
2212;30;true;2115;39;comment
2213;40;true;2116;39;comment
2214;50;true;2116;39;comment
2215;60;true;2118;39;comment
2216;70;true;2119;39;comment
2217;80;true;2120;39;comment
2218;90;true;2121;39;comment
2219;100;true;2122;39;comment
2220;120;true;2123;39;comment
2221;130;true;2124;39;comment
2222;140;true;2125;39;comment
2223;150;true;2126;39;comment
2224;160;true;2127;39;comment
2225;10;true;2128;39;comment
2226;20;true;2129;39;comment
2227;30;true;2130;39;comment
2228;40;true;2131;39;comment
2229;50;true;2134;39;comment
2230;60;true;2135;39;comment
2231;70;true;2136;39;comment
2232;80;true;2137;39;comment
2233;90;true;2138;39;comment
2234;110;true;2140;39;comment
2235;10;true;2091;39;comment
2236;20;true;2092;39;comment
2237;30;true;2093;39;comment
2238;100;true;2094;39;comment
2239;40;true;2095;39;comment
2240;50;true;2096;39;comment
2241;10;true;2097;39;comment
2242;480;true;2098;39;comment
2243;60;true;2099;39;comment
2244;200;true;2100;39;comment
2245;210;true;2101;39;comment
2246;300;true;2102;39;comment
2247;320;true;2103;39;comment
2248;580;true;2104;39;comment
2249;490;true;2105;39;comment
2250;100;true;2106;39;comment
2251;100;true;2107;39;comment
2252;300;true;2108;39;comment
2253;240;true;2109;39;comment
2254;250;true;2110;39;comment
2255;260;true;2111;39;comment
2256;500;true;2112;39;comment
2257;240;true;2163;39;comment
2258;240;true;2163;6;comment
2259;40;true;2164;6;comment
2260;40;true;2164;39;comment
2261;100;true;2165;6;comment
2262;120;true;2165;39;comment
2263;150;true;2166;39;comment
2264;200;true;2166;6;comment
2265;170;true;2167;39;comment
2266;160;true;2167;6;comment
2267;400;true;2168;39;comment
2268;100;true;2168;6;comment
2269;270;true;2169;39;comment
2270;190;true;2169;6;comment
2271;240;true;2170;39;comment
2272;30;true;2170;6;comment
2273;320;true;2171;39;comment
2274;400;true;2171;6;comment
2275;50;true;2172;39;comment
2276;30;true;2172;1004;comment
2277;50;true;2173;81;comment
2278;80;true;2174;81;comment
2279;10;true;2175;32;comment
2280;20;true;2176;32;comment
2281;30;true;2177;32;comment
2282;40;true;2178;32;comment
2283;150;true;2179;32;comment
2284;50;true;2180;32;comment
2285;70;true;2181;32;comment
2286;20;true;2182;32;comment
2287;50;true;2183;32;comment
2288;90;true;2184;32;comment
2289;100;true;2185;32;comment
2290;120;true;2186;32;comment
2291;130;true;2187;32;comment
2292;140;true;2187;81;comment
2293;150;true;2188;32;comment
2294;100;true;2189;32;comment
2295;120;true;2190;32;comment
2296;130;true;2191;32;comment
2297;160;true;2192;32;comment
2298;140;true;2193;32;comment
2299;170;true;2194;32;comment
2300;180;true;2195;32;comment
2301;190;true;2196;32;comment
2302;200;true;2197;32;comment
2303;210;true;2198;32;comment
2304;220;true;2199;32;comment
2305;10;true;2200;56;comment
2306;30;true;2201;56;comment
2307;40;true;2202;56;comment
2308;50;true;2203;56;comment
2309;60;true;2204;56;comment
2310;20;true;2205;56;comment
2311;70;true;2206;56;comment
2312;120;true;2207;56;comment
2313;110;true;2208;56;comment
2314;100;true;2209;56;comment
2315;30;true;2210;56;comment
2316;140;true;2211;56;comment
2317;150;true;2212;56;comment
2318;80;true;2213;56;comment
2319;200;true;2214;56;comment
2320;70;true;2215;56;comment
2321;60;true;2216;56;comment
2322;120;true;2217;56;comment
2323;90;true;2218;56;comment
2324;60;true;2219;56;comment
2325;110;true;2220;56;comment
2326;50;true;2221;56;comment
2327;40;true;2222;56;comment
2328;40;true;2223;1007;comment
2329;60;true;2224;1006;comment
2330;80;true;2225;1007;comment
2331;200;true;2226;1007;comment
2332;210;true;2227;1007;comment
2333;10;true;2228;1007;comment
2334;100;true;2229;1006;comment
2335;80;true;2230;1007;comment
2336;120;true;2231;1007;comment
2337;130;true;2232;1007;comment
2338;40;true;2233;1007;comment
2339;20;true;2234;1007;comment
2340;90;true;2235;1007;comment
2341;60;true;2236;1006;comment
2342;70;true;2237;1006;comment
2343;80;true;2238;1006;comment
2344;90;true;2239;1005;comment
2345;100;true;2240;1006;comment
2346;110;true;2241;1006;comment
2347;110;true;2242;1007;comment
2348;110;true;2243;1006;comment
2349;110;true;2244;1006;comment
2350;30;true;2245;1006;comment
2351;10;true;2246;1005;comment
2352;20;true;2247;1005;comment
2353;60;true;2248;46;comment
2354;60;true;2249;46;comment
2355;60;true;2250;46;comment
2356;50;true;2251;46;comment
2357;60;true;2252;46;comment
2358;10;true;2253;46;comment
2359;20;true;2254;46;comment
2360;100;true;2255;46;comment
2361;40;true;2256;46;comment
2362;50;true;2257;46;comment
2363;70;true;2258;46;comment
2364;80;true;2259;46;comment
2365;30;true;2260;46;comment
2366;120;true;2261;46;comment
2367;110;true;2262;46;comment
2368;10;true;2263;46;comment
2369;100;true;2264;46;comment
2370;130;true;2265;46;comment
2371;40;true;2266;46;comment
2372;160;true;2267;46;comment
2373;170;true;2268;46;comment
2374;150;true;2269;46;comment
2375;40;true;2270;1000;comment
2376;60;true;2271;1000;comment
2377;10;true;2272;28;comment
2378;70;true;2273;28;comment
2379;20;true;2274;28;comment
2380;30;true;2275;28;comment
2381;50;true;2276;28;comment
2382;90;true;2277;28;comment
2383;100;true;2278;28;comment
2384;200;true;2279;28;comment
2385;110;true;2280;28;comment
2386;100;true;2281;28;comment
2387;120;true;2282;28;comment
2388;130;true;2283;28;comment
2389;50;true;2284;28;comment
2390;140;true;2285;28;comment
2391;150;true;2286;28;comment
2392;210;true;2287;28;comment
2393;70;true;2288;28;comment
2394;10;true;2289;29;comment
2395;90;true;2290;29;comment
2396;200;true;2291;29;comment
2397;100;true;2292;29;comment
2398;110;true;2293;1008;comment
2399;210;true;2294;29;comment
2400;130;true;2295;29;comment
2401;260;true;2296;29;comment
2402;140;true;2297;29;comment
2403;150;true;2298;29;comment
2404;10;true;2299;1008;comment
2405;100;true;2300;29;comment
2406;10;true;2301;1009;comment
2407;20;true;2302;1009;comment
2408;100;true;2303;1008;comment
2409;20;true;2304;1008;comment
2410;160;true;2305;29;comment
2411;80;true;2306;29;comment
2412;30;true;2307;1009;comment
2413;40;true;2308;1009;comment
2414;40;true;2309;1009;comment
2415;170;true;2310;29;comment
2416;180;true;2311;29;comment
2417;190;true;2312;1009;comment
2418;190;true;2313;1009;comment
2419;190;true;2314;29;comment
2420;150;true;2315;29;comment
2421;150;true;2316;1011;comment
2422;20;true;2317;1009;comment
2423;20;true;2318;1010;comment
2424;10;true;2319;1010;comment
2425;10;true;2320;1010;comment
2426;40;true;2321;1010;comment
2427;40;true;2322;1010;comment
2428;10;true;2323;1012;comment
2429;20;true;2324;1012;comment
2430;50;true;2325;1008;comment
2431;70;true;2326;1011;comment
2432;10;true;2327;1012;comment
2433;90;true;2328;1010;comment
2434;40;true;2328;1009;comment
2435;10;true;2329;1012;comment
2436;30;true;2330;1011;comment
2437;60;true;2331;1013;comment
2438;100;true;2332;1013;comment
2439;90;true;2333;1013;comment
2440;110;true;2334;1013;comment
2441;120;true;2335;1013;comment
2442;130;true;2336;1013;comment
2443;140;true;2337;1013;comment
2444;80;true;2338;1013;comment
2445;150;true;2339;1013;comment
2446;20;true;2340;1013;comment
2447;100;true;2341;1013;comment
2448;50;true;2342;1013;comment
2449;180;true;2343;88;comment
2450;20;true;2344;88;comment
2451;30;true;2345;88;comment
2452;250;true;2346;88;comment
2453;260;true;2347;88;comment
2454;270;true;2348;88;comment
2455;80;true;2349;88;comment
2456;50;true;2350;88;comment
2457;280;true;2351;88;comment
2458;100;true;2352;88;comment
2459;40;true;2353;88;comment
2460;50;true;2354;88;comment
2461;200;true;2355;88;comment
2462;80;true;2355;10;comment
2463;180;true;2356;88;comment
2464;40;true;2357;88;comment
2465;50;true;2357;10;comment
2466;60;true;2358;88;comment
2467;70;true;2359;88;comment
2468;100;true;2360;88;comment
2469;110;true;2361;88;comment
2470;90;true;2362;88;comment
2471;70;true;2363;88;comment
2472;130;true;2364;88;comment
2473;180;true;2343;88;comment
2474;20;true;2344;88;comment
2475;30;true;2345;88;comment
2476;250;true;2346;88;comment
2477;260;true;2347;88;comment
2478;270;true;2348;88;comment
2479;80;true;2349;88;comment
2480;50;true;2350;88;comment
2481;280;true;2351;88;comment
2482;100;true;2352;88;comment
2483;40;true;2353;88;comment
2484;50;true;2354;88;comment
2485;90;true;2365;60;comment
2486;110;true;2366;60;comment
2487;210;true;2367;60;comment
2488;250;true;2368;60;comment
2489;50;true;2369;60;comment
2490;150;true;2370;27;comment
2491;30;true;2371;60;comment
2492;110;true;2372;60;comment
2493;120;true;2373;60;comment
2494;180;true;2374;60;comment
2495;190;true;2375;60;comment
2496;100;true;2376;60;comment
2497;200;true;2376;55;comment
2498;110;true;2377;27;comment
2499;120;true;2378;27;comment
2500;130;true;2379;27;comment
2501;230;true;2380;60;comment
2502;190;true;2381;60;comment
2503;290;true;2382;55;comment
2504;300;true;2383;60;comment
2505;100;true;2384;60;comment
2506;170;true;2385;60;comment
2507;310;true;2386;60;comment
2508;320;true;2387;60;comment
2509;330;true;2388;60;comment
2510;340;true;2389;60;comment
2511;350;true;2390;60;comment
2512;360;true;2391;60;comment
2513;70;true;2392;60;comment
2514;90;true;2393;60;comment
2515;130;true;2394;60;comment
2516;260;true;2395;55;comment
2517;120;true;2396;7;comment
2518;100;true;2397;7;comment
2519;130;true;2398;7;comment
2520;90;true;2399;7;comment
2521;140;true;2400;46;comment
2522;80;true;2401;7;comment
2523;150;true;2402;7;comment
2524;110;true;2403;7;comment
2525;70;true;2404;7;comment
2526;30;true;2405;7;comment
2527;60;true;2406;7;comment
2528;130;true;2407;7;comment
2529;150;true;2408;7;comment
2530;170;true;2409;7;comment
2531;30;true;2410;7;comment
2532;20;true;2411;7;comment
2533;90;true;2412;7;comment
2534;10;true;2413;7;comment
2535;90;true;2414;27;comment
2536;190;true;2415;27;comment
2537;30;true;2416;27;comment
2538;70;true;2417;27;comment
2539;90;true;2418;27;comment
2540;100;true;2419;27;comment
2541;60;true;2420;1000;comment
2542;90;true;2421;1000;comment
2543;130;true;2422;1000;comment
2544;160;true;2423;1000;comment
2545;200;true;2424;1000;comment
2546;250;true;2425;1000;comment
2547;250;true;2426;1000;comment
2548;10;true;2032;1000;comment
2549;260;true;2427;1000;comment
2550;270;true;2428;1000;comment
2551;390;true;2429;1000;comment
2552;140;true;2430;1000;comment
2553;50;true;2431;10;comment
2554;70;true;2432;10;comment
2555;470;true;2433;10;comment
2556;390;true;2434;10;comment
2557;400;true;2435;10;comment
2558;90;true;2436;27;comment
2559;50;true;2437;27;comment
2560;60;true;2438;27;comment
2561;70;true;2439;27;comment
2562;80;true;2440;27;comment
2563;90;true;2441;27;comment
2564;40;true;2442;27;comment
2565;100;true;2443;27;comment
2566;110;true;2444;27;comment
2567;60;true;2445;27;comment
2568;30;true;2446;61;comment
2569;100;true;2447;61;comment
2570;110;true;2448;61;comment
2571;200;true;2449;61;comment
2572;90;true;2450;61;comment
2573;110;true;2451;61;comment
2574;120;true;2452;61;comment
2575;20;true;2453;61;comment
2576;80;true;2454;61;comment
2577;140;true;2455;61;comment
2578;100;true;2456;61;comment
2579;40;true;2457;61;comment
2580;70;true;2458;61;comment
2581;90;true;2459;61;comment
2582;160;true;2460;61;comment
2583;170;true;2461;61;comment
2584;90;true;2462;61;comment
2585;60;true;2463;61;comment
2586;150;true;2464;61;comment
2587;150;true;2465;61;comment
2588;10;true;2466;69;comment
2589;50;true;2467;69;comment
2590;100;true;2468;69;comment
2591;160;true;2469;69;comment
2592;180;true;2470;69;comment
2593;190;true;2471;69;comment
2594;200;true;2472;69;comment
2595;140;true;2473;69;comment
2596;150;true;2474;69;comment
2597;50;true;2474;1016;comment
2598;220;true;2475;69;comment
2599;210;true;2476;69;comment
2600;60;true;2477;69;comment
2601;90;true;2478;69;comment
2602;130;true;2479;69;comment
2603;300;true;2480;69;comment
2604;30;true;2480;1016;comment
2605;270;true;2481;69;comment
2606;220;true;2482;69;comment
2607;70;true;2482;1016;comment
2608;50;true;2483;1016;comment
2609;230;true;2483;69;comment
2610;150;true;2484;69;comment
2611;120;true;2485;69;comment
2612;90;true;2486;1016;comment
2613;190;true;2486;69;comment
2614;390;true;2487;69;comment
2615;190;true;2487;1016;comment
2616;200;true;2488;69;comment
2617;100;true;2488;1016;comment
2618;220;true;2489;69;comment
2619;140;true;2490;69;comment
2620;150;true;2491;69;comment
2621;50;true;2492;69;comment
2622;30;true;2492;1016;comment
2623;90;true;2493;69;comment
2624;40;true;2493;1016;comment
2625;70;true;2494;1016;comment
2626;520;true;2494;69;comment
2627;80;true;2495;1016;comment
2628;530;true;2495;69;comment
2629;220;true;2496;69;comment
2630;210;true;2497;61;comment
2631;140;true;2498;88;comment
2632;160;true;2499;88;comment
2633;100;true;2500;88;comment
2634;290;true;2501;88;comment
2635;40;true;2501;1015;comment
2636;300;true;2502;88;comment
2637;80;true;2503;88;comment
2638;40;true;2504;88;comment
2639;160;true;2505;88;comment
2640;100;true;2506;88;comment
2641;50;true;2507;88;comment
2642;30;true;2508;88;comment
2643;150;true;2509;88;comment
2644;120;true;2510;88;comment
2645;140;true;2511;88;comment
2646;50;true;2512;88;comment
2647;270;true;2513;88;comment
2648;170;true;2514;88;comment
2649;60;true;2514;1015;comment
2650;200;true;2515;88;comment
2651;160;true;2516;88;comment
2652;210;true;2517;88;comment
2653;110;true;2518;88;comment
2654;220;true;2519;88;comment
2655;190;true;2520;88;comment
2656;190;true;2520;1015;comment
2657;70;true;2521;88;comment
2658;60;true;2522;88;comment
2659;130;true;2523;88;comment
2660;160;true;2524;88;comment
2661;220;true;2525;88;comment
2662;230;true;2526;88;comment
2663;240;true;2527;88;comment
2664;250;true;2528;88;comment
2665;90;true;2528;1015;comment
2666;300;true;2529;88;comment
2667;50;true;2529;1015;comment
2668;450;true;2530;88;comment
2669;60;true;2531;88;comment
2670;460;true;2532;88;comment
2671;190;true;2533;88;comment
2672;100;true;2534;1015;comment
2673;280;true;2534;88;comment
2674;190;true;2535;88;comment
2675;220;true;2536;88;comment
2676;230;true;2537;88;comment
2677;240;true;2538;88;comment
2678;250;true;2539;88;comment
2679;90;true;2540;1000;comment
2680;50;true;2541;10;comment
2681;390;true;2541;88;comment
2682;400;true;2542;88;comment
2683;80;true;2542;10;comment
2684;410;true;2542;88;comment
2685;410;true;2543;1015;comment
2686;420;true;2543;88;comment
2687;430;true;2544;88;comment
2688;130;true;2544;1015;comment
2689;130;true;2545;1015;comment
2690;440;true;2545;88;comment
2691;450;true;2546;88;comment
2692;140;true;2546;1015;comment
2693;460;true;2547;10;comment
2694;150;true;2547;1015;comment
2695;470;true;2548;88;comment
2696;160;true;2548;1015;comment
2697;480;true;2549;88;comment
2698;170;true;2549;10;comment
2699;490;true;2550;88;comment
2700;180;true;2550;10;comment
2701;160;true;2551;69;comment
2702;120;true;2551;1016;comment
2703;300;true;2552;69;comment
2704;120;true;2552;1016;comment
2705;310;true;2553;69;comment
2706;130;true;2553;1016;comment
2707;140;true;2554;1016;comment
2708;320;true;2554;69;comment
2709;150;true;2555;69;comment
2710;330;true;2555;1016;comment
2711;340;true;2556;69;comment
2712;160;true;2556;1016;comment
2713;350;true;2557;69;comment
2714;170;true;2557;1016;comment
2715;360;true;2558;69;comment
2716;90;true;2558;1016;comment
2717;180;true;2559;1016;comment
2718;370;true;2559;69;comment
2719;380;true;2560;69;comment
2720;190;true;2560;1016;comment
2721;390;true;2561;69;comment
2722;200;true;2561;1016;comment
2723;210;true;2562;69;comment
2724;400;true;2562;1016;comment
2725;820;true;2563;1016;comment
2726;1000;true;2563;69;comment
2727;430;true;2564;69;comment
2728;220;true;2564;1016;comment
2729;440;true;2565;69;comment
2730;230;true;2565;1016;comment
2731;450;true;2566;69;comment
2732;240;true;2566;1016;comment
2733;250;true;2567;1016;comment
2734;460;true;2567;69;comment
2735;470;true;2568;69;comment
2736;260;true;2568;1016;comment
2737;480;true;2569;69;comment
2738;270;true;2569;1016;comment
2739;280;true;2570;1016;comment
2740;490;true;2570;69;comment
2741;500;true;2571;69;comment
2742;290;true;2571;1016;comment
2743;300;true;2572;1016;comment
2744;510;true;2572;69;comment
2745;510;true;2573;69;comment
2746;310;true;2573;1016;comment
2747;520;true;2574;69;comment
2748;320;true;2574;1016;comment
2749;330;true;2575;1016;comment
2750;530;true;2575;69;comment
2751;540;true;2576;69;comment
2752;340;true;2576;1016;comment
2753;130;true;2577;1016;comment
2754;550;true;2577;69;comment
2755;560;true;2578;69;comment
2756;360;true;2578;1016;comment
2757;760;true;2579;69;comment
2758;360;true;2579;1016;comment
2759;370;true;2580;69;comment
2760;570;true;2580;1016;comment
2761;580;true;2581;69;comment
2762;380;true;2581;1016;comment
2763;590;true;2582;69;comment
2764;390;true;2582;1016;comment
2765;600;true;2583;1016;comment
2766;400;true;2583;69;comment
2767;410;true;2584;1016;comment
2768;610;true;2584;69;comment
2769;620;true;2585;69;comment
2770;420;true;2585;1016;comment
2771;630;true;2586;1016;comment
2772;430;true;2586;69;comment
2773;640;true;2587;1016;comment
2774;440;true;2587;69;comment
2775;450;true;2588;1016;comment
2776;460;true;2589;1016;comment
2777;470;true;2590;1016;comment
2778;480;true;2591;1016;comment
2779;490;true;2592;1016;comment
2780;500;true;2593;1016;comment
2781;510;true;2594;1016;comment
2782;520;true;2595;1016;comment
2783;530;true;2596;1016;comment
2784;540;true;2597;1016;comment
2785;550;true;2598;1016;comment
2786;560;true;2599;1016;comment
2787;580;true;2601;1016;comment
2788;590;true;2602;1016;comment
2789;600;true;2603;1016;comment
2790;610;true;2604;1016;comment
2791;620;true;2605;1016;comment
2792;630;true;2606;1016;comment
2793;640;true;2607;1016;comment
2794;650;true;2608;1016;comment
2795;660;true;2609;1016;comment
2796;670;true;2610;1016;comment
2797;680;true;2611;1016;comment
2798;690;true;2612;1016;comment
2799;700;true;2613;1016;comment
2800;710;true;2614;1016;comment
2801;720;true;2615;1016;comment
2802;730;true;2616;1016;comment
2803;740;true;2617;1016;comment
2804;10;true;2618;1017;comment
2805;1000;true;2618;69;comment
2806;1010;true;2618;69;comment
2807;20;true;2618;1017;comment
2808;20;true;2619;1017;comment
2809;1020;true;2619;69;comment
2810;1030;true;2620;69;comment
2811;30;true;2620;1017;comment
2812;40;true;2621;1017;comment
2813;1040;true;2621;69;comment
2814;1050;true;2622;69;comment
2815;50;true;2622;1017;comment
2816;60;true;2623;1017;comment
2817;1060;true;2623;69;comment
2818;70;true;2624;1017;comment
2819;1070;true;2624;69;comment
2820;1080;true;2625;1017;comment
2821;80;true;2625;69;comment
2822;90;true;2626;1017;comment
2823;1090;true;2626;69;comment
2824;100;true;2627;1017;comment
2825;1100;true;2627;69;comment
2826;1110;true;2628;1017;comment
2827;110;true;2628;69;comment
2828;1120;true;2629;1017;comment
2829;120;true;2629;69;comment
2830;1130;true;2630;69;comment
2831;130;true;2630;1017;comment
2832;140;true;2631;1017;comment
2833;1140;true;2631;69;comment
2834;1150;true;2632;69;comment
2835;10;true;2632;1018;comment
2836;190;true;2633;10;comment
2837;500;true;2633;88;comment
2838;200;true;2634;10;comment
2839;510;true;2634;88;comment
2840;520;true;2635;88;comment
2841;210;true;2635;10;comment
2842;220;true;2636;10;comment
2843;530;true;2636;88;comment
2844;540;true;2637;88;comment
2845;230;true;2637;10;comment
2846;550;true;2638;88;comment
2847;240;true;2638;10;comment
2848;560;true;2639;88;comment
2849;250;true;2639;10;comment
2850;570;true;2640;88;comment
2851;110;true;2640;10;comment
2852;260;true;2641;10;comment
2853;570;true;2641;88;comment
2854;260;true;2642;10;comment
2855;580;true;2642;88;comment
2856;280;true;2643;10;comment
2857;590;true;2643;88;comment
2858;290;true;2644;10;comment
2859;600;true;2644;88;comment
2860;300;true;2645;10;comment
2861;610;true;2645;88;comment
2862;310;true;2646;10;comment
2863;620;true;2646;88;comment
2864;320;true;2647;10;comment
2865;630;true;2647;88;comment
2866;330;true;2648;10;comment
2867;640;true;2648;88;comment
2868;340;true;2649;10;comment
2869;650;true;2649;88;comment
2870;350;true;2650;10;comment
2871;660;true;2650;88;comment
2872;360;true;2651;10;comment
2873;670;true;2651;88;comment
2874;370;true;2652;10;comment
2875;680;true;2652;88;comment
2876;380;true;2653;10;comment
2877;690;true;2653;88;comment
2878;10;true;2491;1019;comment
2879;1140;true;2654;69;comment
2880;20;true;2654;1019;comment
2881;30;true;2490;1019;comment
2882;40;true;2655;1019;comment
2883;1140;true;2655;69;comment
2884;1150;true;2656;69;comment
2885;50;true;2656;1019;comment
2886;60;true;2657;1019;comment
2887;1160;true;2657;69;comment
2888;70;true;2658;1019;comment
2889;1170;true;2658;69;comment
2890;80;true;2659;1019;comment
2891;1180;true;2659;69;comment
2892;90;true;2660;1019;comment
2893;1190;true;2660;69;comment
2894;100;true;2661;1019;comment
2895;1200;true;2661;69;comment
2896;110;true;2662;1019;comment
2897;1210;true;2662;69;comment
2898;120;true;2663;1019;comment
2899;1220;true;2663;69;comment
2900;130;true;2664;1019;comment
2901;1230;true;2664;69;comment
2902;140;true;2665;1019;comment
2903;1240;true;2665;69;comment
2904;150;true;2666;1019;comment
2905;1250;true;2666;69;comment
2906;160;true;2667;1019;comment
2907;1260;true;2667;69;comment
2908;170;true;2668;1019;comment
2909;1270;true;2668;69;comment
2910;180;true;2669;1019;comment
2911;1280;true;2669;69;comment
2912;190;true;2670;1019;comment
2913;1290;true;2670;69;comment
2914;200;true;2671;1019;comment
2915;1300;true;2671;69;comment
2916;210;true;2672;1019;comment
2917;1310;true;2672;69;comment
2918;220;true;2673;1019;comment
2919;1320;true;2673;69;comment
2920;380;true;2674;10;comment
2921;690;true;2674;88;comment
2922;390;true;2675;10;comment
2923;700;true;2675;88;comment
2924;400;true;2676;10;comment
2925;710;true;2676;88;comment
2926;410;true;2677;10;comment
2927;720;true;2677;88;comment
2928;420;true;2678;10;comment
2929;730;true;2678;88;comment
2930;430;true;2679;10;comment
2931;740;true;2679;88;comment
2932;440;true;2680;10;comment
2933;750;true;2680;88;comment
2934;450;true;2681;10;comment
2935;760;true;2681;88;comment
2936;460;true;2682;10;comment
2937;770;true;2682;88;comment
2938;470;true;2683;10;comment
2939;780;true;2683;88;comment
2940;480;true;2684;10;comment
2941;790;true;2684;88;comment
2942;20;true;2685;1018;comment
2943;1160;true;2685;69;comment
2944;1170;true;2686;69;comment
2945;30;true;2686;1018;comment
2946;40;true;2687;1018;comment
2947;1180;true;2687;69;comment
2948;50;true;2688;1018;comment
2949;1190;true;2688;69;comment
2950;1200;true;2689;69;comment
2951;60;true;2689;1018;comment
2952;1210;true;2690;69;comment
2953;70;true;2690;1018;comment
2954;80;true;2691;1018;comment
2955;1220;true;2691;69;comment
2956;1230;true;2692;69;comment
2957;90;true;2692;1018;comment
2958;1240;true;2693;69;comment
2959;100;true;2693;1018;comment
2960;1250;true;2694;69;comment
2961;110;true;2694;1018;comment
2962;1260;true;2695;69;comment
2963;120;true;2695;1018;comment
2964;1270;true;2696;69;comment
2965;130;true;2696;1018;comment
2966;1280;true;2697;69;comment
2967;130;true;2697;1018;comment
2968;1290;true;2698;69;comment
2969;140;true;2698;1018;comment
2970;1300;true;2699;69;comment
2971;150;true;2699;1018;comment
2972;10;true;2700;1020;comment
2973;1310;true;2700;69;comment
2974;1320;true;2701;69;comment
2975;20;true;2701;1020;comment
2976;1330;true;2702;69;comment
2977;30;true;2702;1020;comment
2978;1340;true;2703;69;comment
2979;40;true;2703;1020;comment
2980;1350;true;2704;1020;comment
2981;1360;true;2704;69;comment
2982;1370;true;2705;69;comment
2983;1380;true;2706;69;comment
2984;1390;true;2707;69;comment
2985;1400;true;2708;69;comment
2986;1410;true;2709;69;comment
2987;1420;true;2710;69;comment
2988;1430;true;2711;69;comment
2989;1440;true;2712;69;comment
2990;1450;true;2713;69;comment
2991;1460;true;2714;69;comment
2992;1470;true;2715;69;comment
2993;1480;true;2716;69;comment
2994;1490;true;2717;69;comment
2995;1500;true;2718;69;comment
2996;1510;true;2719;69;comment
2997;1520;true;2720;69;comment
2998;1530;true;2721;69;comment
2999;1540;true;2722;69;comment
3000;1550;true;2723;69;comment
3001;1560;true;2724;69;comment
3002;1570;true;2725;69;comment
3003;1580;true;2726;69;comment
3004;1590;true;2727;69;comment
3005;1600;true;2728;69;comment
3006;1610;true;2729;69;comment
3007;1620;true;2730;69;comment
3008;1630;true;2731;69;comment
3009;1640;true;2732;69;comment
3010;1650;true;2733;69;comment
3011;1660;true;2734;69;comment
3012;1670;true;2735;69;comment
3013;1680;true;2736;69;comment
3014;1690;true;2737;69;comment
3015;1700;true;2738;69;comment
3016;1710;true;2739;69;comment
3017;1720;true;2740;69;comment
3018;1730;true;2741;69;comment
3019;1740;true;2742;69;comment
3020;1750;true;2743;69;comment
3021;1760;true;2744;69;comment
3022;1770;true;2745;69;comment
3023;1780;true;2746;69;comment
3024;1790;true;2747;69;comment
3025;1800;true;2748;69;comment
3026;1810;true;2749;69;comment
3027;1820;true;2750;69;comment
3028;1830;true;2751;69;comment
3029;1840;true;2752;69;comment
3030;1850;true;2753;69;comment
3031;1860;true;2754;69;comment
3032;1870;true;2755;69;comment
3033;1880;true;2756;69;comment
3034;1890;true;2757;69;comment
3035;1900;true;2758;69;comment
3036;1910;true;2759;69;comment
3037;1920;true;2760;69;comment
3038;1930;true;2761;69;comment
3039;1940;true;2762;69;comment
3040;1950;true;2763;69;comment
3041;1960;true;2764;69;comment
3042;1970;true;2765;69;comment
3043;1980;true;2766;69;comment
3044;1990;true;2767;69;comment
3045;2000;true;2768;69;comment
3046;2010;true;2769;69;comment
3047;2020;true;2770;69;comment
3048;60;true;2705;1020;comment
3049;70;true;2706;1020;comment
3050;80;true;2707;1020;comment
3051;90;true;2708;1020;comment
3052;100;true;2709;1020;comment
3053;110;true;2710;1020;comment
3054;120;true;2711;1020;comment
3055;130;true;2712;1020;comment
3056;140;true;2713;1020;comment
3057;150;true;2714;1020;comment
3058;160;true;2715;1020;comment
3059;170;true;2716;1020;comment
3060;180;true;2717;1020;comment
3061;190;true;2718;1020;comment
3062;200;true;2719;1020;comment
3063;210;true;2720;1020;comment
3064;220;true;2721;1020;comment
3065;230;true;2722;1020;comment
3066;240;true;2723;1020;comment
3067;250;true;2724;1020;comment
3068;260;true;2725;1020;comment
3069;270;true;2726;1020;comment
3070;280;true;2727;1020;comment
3071;290;true;2728;1020;comment
3072;300;true;2729;1020;comment
3073;310;true;2730;1020;comment
3074;320;true;2731;1020;comment
3075;330;true;2732;1020;comment
3076;340;true;2733;1020;comment
3077;350;true;2734;1020;comment
3078;360;true;2735;1020;comment
3079;370;true;2736;1020;comment
3080;380;true;2737;1020;comment
3081;390;true;2738;1020;comment
3082;400;true;2739;1020;comment
3083;410;true;2740;1020;comment
3084;420;true;2741;1020;comment
3085;430;true;2742;1020;comment
3086;440;true;2743;1020;comment
3087;450;true;2744;1020;comment
3088;460;true;2745;1020;comment
3089;470;true;2746;1020;comment
3090;480;true;2747;1020;comment
3091;490;true;2748;1020;comment
3092;500;true;2749;1020;comment
3093;510;true;2750;1020;comment
3094;520;true;2751;1020;comment
3095;530;true;2752;1020;comment
3096;540;true;2753;1020;comment
3097;550;true;2754;1020;comment
3098;560;true;2755;1020;comment
3099;570;true;2756;1020;comment
3100;580;true;2757;1020;comment
3101;590;true;2758;1020;comment
3102;600;true;2759;1020;comment
3103;610;true;2760;1020;comment
3104;620;true;2761;1020;comment
3105;630;true;2762;1020;comment
3106;640;true;2763;1020;comment
3107;650;true;2764;1020;comment
3108;660;true;2765;1020;comment
3109;670;true;2766;1020;comment
3110;680;true;2767;1020;comment
3111;690;true;2768;1020;comment
3112;700;true;2769;1020;comment
3113;710;true;2770;1020;comment
3114;110;true;2771;1001;comment
3115;500;true;2771;39;comment
3116;510;true;2772;39;comment
3117;520;true;2773;39;comment
3118;530;true;2774;39;comment
3119;540;true;2775;39;comment
3120;550;true;2776;39;comment
3121;560;true;2777;39;comment
3122;570;true;2778;39;comment
3123;580;true;2779;39;comment
3124;590;true;2780;39;comment
3125;120;true;2773;1001;comment
3126;130;true;2774;1001;comment
3127;140;true;2775;1001;comment
3128;150;true;2776;1001;comment
3129;160;true;2777;1001;comment
3130;170;true;2778;1001;comment
3131;180;true;2779;1001;comment
3132;190;true;2780;1001;comment
3133;200;true;2781;1002;comment
3134;210;true;2782;1002;comment
3135;220;true;2783;1002;comment
3136;230;true;2784;1002;comment
3137;240;true;2785;1002;comment
3138;600;true;2781;39;comment
3139;610;true;2782;39;comment
3140;620;true;2783;39;comment
3141;630;true;2784;39;comment
3142;640;true;2785;39;comment
3143;10;true;2786;81;comment
3144;20;true;2787;81;comment
3145;30;true;2788;81;comment
3146;120;true;2789;81;comment
3147;130;true;2790;81;comment
3148;160;true;2791;81;comment
3149;230;true;2792;81;comment
3150;240;true;2793;81;comment
3151;250;true;2794;81;comment
3152;260;true;2795;81;comment
3153;270;true;2796;81;comment
3154;280;true;2797;81;comment
3155;290;true;2798;81;comment
3156;300;true;2799;81;comment
3157;310;true;2800;81;comment
3158;320;true;2801;81;comment
3159;120;true;2802;1011;comment
3160;130;true;2803;1011;comment
3161;140;true;2803;1011;comment
3162;150;true;2804;1011;comment
3163;160;true;2805;1011;comment
3164;170;true;2806;1011;comment
3165;180;true;2807;1011;comment
3166;190;true;2808;1011;comment
3167;200;true;2809;1011;comment
3168;210;true;2810;1011;comment
3169;220;true;2811;1011;comment
3170;20;true;2812;1008;comment
3171;20;true;2813;1008;comment
3172;20;true;2814;1008;comment
3173;20;true;2815;1008;comment
3174;20;true;2816;1008;comment
3175;20;true;2817;1008;comment
3176;20;true;2818;1008;comment
3177;10;true;2808;1022;comment
3178;20;true;2809;1022;comment
3179;20;true;2810;1022;comment
3180;20;true;2811;1022;comment
3181;20;true;2812;1022;comment
3182;20;true;2813;1022;comment
3183;20;true;2814;1022;comment
3184;20;true;2815;1022;comment
3185;20;true;2816;1022;comment
3186;20;true;2817;1022;comment
3187;20;true;2818;1022;comment
3188;20;true;2819;1022;comment
3189;20;true;2821;1022;comment
3190;20;true;2822;1022;comment
3191;20;true;2823;1022;comment
3192;20;true;2824;1022;comment
3193;120;true;2825;1010;comment
3194;120;true;2826;1010;comment
3195;120;true;2827;1010;comment
3196;120;true;2828;1010;comment
3197;120;true;2829;1010;comment
3198;120;true;2830;1010;comment
3199;120;true;2831;1010;comment
3200;120;true;2832;1010;comment
3201;120;true;2833;1021;comment
3202;10;true;2834;1021;comment
3203;20;true;2835;1021;comment
3204;30;true;2836;1021;comment
3205;40;true;2837;1021;comment
3206;50;true;2838;1021;comment
3207;60;true;2839;1021;comment
3208;70;true;2840;1021;comment
3209;80;true;2841;1021;comment
3210;90;true;2842;1021;comment
3211;100;true;2843;1021;comment
3212;120;true;2833;1021;comment
3213;330;true;2834;39;comment
3214;340;true;2835;39;comment
3215;350;true;2836;39;comment
3216;360;true;2837;39;comment
3217;370;true;2838;39;comment
3218;380;true;2839;39;comment
3219;390;true;2840;39;comment
3220;400;true;2841;39;comment
3221;410;true;2842;39;comment
3222;420;true;2843;39;comment
3223;50;true;2126;1023;comment
3224;10;true;2844;1023;comment
3225;20;true;2845;1023;comment
3226;30;true;2846;1023;comment
3227;40;true;2847;1023;comment
3228;50;true;2848;1023;comment
3229;60;true;2849;1023;comment
3230;70;true;2850;1023;comment
3231;80;true;2851;1023;comment
3232;90;true;2852;1023;comment
3233;100;true;2853;1023;comment
3234;110;true;2854;1023;comment
3235;120;true;2855;1023;comment
3236;130;true;2856;1023;comment
3237;140;true;2857;1023;comment
3238;10;true;2858;1024;comment
3239;20;true;2859;1024;comment
3240;30;true;2860;1024;comment
3241;40;true;2861;1024;comment
3242;50;true;2862;1024;comment
3243;60;true;2863;1024;comment
3244;70;true;2864;1024;comment
3245;80;true;2865;1024;comment
3246;90;true;2866;1024;comment
3247;430;true;2126;39;comment
3248;440;true;2844;39;comment
3249;450;true;2845;39;comment
3250;460;true;2846;39;comment
3251;470;true;2847;39;comment
3252;480;true;2848;39;comment
3253;490;true;2849;39;comment
3254;500;true;2850;39;comment
3255;510;true;2851;39;comment
3256;520;true;2852;39;comment
3257;530;true;2853;39;comment
3258;540;true;2854;39;comment
3259;550;true;2855;39;comment
3260;560;true;2856;39;comment
3261;570;true;2857;39;comment
3262;580;true;2858;39;comment
3263;590;true;2859;39;comment
3264;600;true;2860;39;comment
3265;610;true;2861;39;comment
3266;620;true;2862;39;comment
3267;630;true;2863;39;comment
3268;640;true;2864;39;comment
3269;650;true;2865;39;comment
3270;660;true;2866;39;comment
3271;10;true;2131;1025;comment
3272;20;true;2132;1025;comment
3273;30;true;2867;1025;comment
3274;40;true;2868;1025;comment
3275;50;true;2869;1025;comment
3276;60;true;2870;1025;comment
3277;70;true;2871;1025;comment
3278;80;true;2872;1025;comment
3279;90;true;2873;1025;comment
3280;100;true;2874;1025;comment
3281;110;true;2875;1025;comment
3282;120;true;2876;1025;comment
3283;130;true;2877;1025;comment
3284;140;true;2878;1025;comment
3285;150;true;2879;1025;comment
3286;670;true;2867;39;comment
3287;680;true;2868;39;comment
3288;690;true;2869;39;comment
3289;700;true;2870;39;comment
3290;710;true;2871;39;comment
3291;720;true;2872;39;comment
3292;730;true;2873;39;comment
3293;740;true;2874;39;comment
3294;750;true;2875;39;comment
3295;760;true;2876;39;comment
3296;770;true;2877;39;comment
3297;780;true;2878;39;comment
3298;790;true;2879;39;comment
3299;30;true;2880;1026;comment
3300;20;true;2881;1026;comment
3301;10;true;2882;1026;comment
3302;40;true;2883;1026;comment
3303;50;true;2884;1026;comment
3304;100;true;2885;1026;comment
3305;60;true;2886;1026;comment
3306;70;true;2887;1026;comment
3307;80;true;2888;1026;comment
3308;90;true;2889;1026;comment
3309;110;true;2890;1026;comment
3310;120;true;2891;1026;comment
3311;130;true;2892;1026;comment
3312;140;true;2893;1026;comment
3313;150;true;2894;1026;comment
3314;160;true;2895;1026;comment
3315;170;true;2896;1026;comment
3316;180;true;2897;1026;comment
3317;190;true;2898;1026;comment
3318;200;true;2899;1026;comment
3319;210;true;2900;1026;comment
3320;220;true;2901;1026;comment
3321;230;true;2902;1026;comment
3322;240;true;2903;1026;comment
3323;250;true;2904;1026;comment
3324;260;true;2905;1026;comment
3325;270;true;2906;1026;comment
3326;280;true;2907;1026;comment
3327;290;true;2908;1026;comment
3328;300;true;2910;1026;comment
3329;310;true;2911;1026;comment
3330;320;true;2912;1026;comment
3331;340;true;2914;1026;comment
3332;350;true;2915;1026;comment
3333;360;true;2916;1026;comment
3334;370;true;2917;1026;comment
3335;380;true;2918;1026;comment
3336;10;true;2919;11;comment
3337;20;true;2920;11;comment
3338;30;true;2921;11;comment
3339;40;true;2922;11;comment
3340;50;true;2923;11;comment
3341;60;true;2924;11;comment
3342;70;true;2925;11;comment
3343;80;true;2926;11;comment
3344;90;true;2927;11;comment
3345;100;true;2928;11;comment
3346;110;true;2929;11;comment
3347;120;true;2930;11;comment
3348;130;true;2931;11;comment
3349;140;true;2932;11;comment
3350;150;true;2933;11;comment
3351;160;true;2934;11;comment
3352;170;true;2935;11;comment
3353;180;true;2936;11;comment
3354;190;true;2937;11;comment
3355;200;true;2938;11;comment
3356;210;true;2939;11;comment
3357;220;true;2940;11;comment
3358;230;true;2941;11;comment
3359;240;true;2942;11;comment
3360;250;true;2943;11;comment
3361;260;true;2944;11;comment
3362;270;true;2945;11;comment
3363;280;true;2946;11;comment
3364;290;true;2947;11;comment
3365;300;true;2948;11;comment
3366;310;true;2949;11;comment
3367;320;true;2950;11;comment
3368;330;true;2951;11;comment
3369;340;true;2951;16;comment
3370;340;true;2951;11;comment
3371;350;true;2952;11;comment
3372;360;true;2953;11;comment
3373;370;true;2954;11;comment
3374;380;true;2955;11;comment
3375;390;true;2956;11;comment
3376;400;true;2957;11;comment
3377;410;true;2958;11;comment
3378;420;true;2959;11;comment
3379;430;true;2960;11;comment
3380;440;true;2961;11;comment
3381;450;true;2962;11;comment
3382;460;true;2963;11;comment
3383;30;true;2963;16;comment
3384;40;true;2964;16;comment
3385;50;true;2965;16;comment
3386;60;true;2966;16;comment
3387;70;true;2967;16;comment
3388;80;true;2968;16;comment
3389;90;true;2969;16;comment
3390;100;true;2970;16;comment
3391;110;true;2971;16;comment
3392;120;true;2972;16;comment
3393;10;true;2973;1027;comment
3394;20;true;2974;1027;comment
3395;30;true;2975;1027;comment
3396;40;true;2976;1027;comment
3397;50;true;2977;1027;comment
3398;60;true;2978;1027;comment
3399;70;true;2979;1027;comment
3400;80;true;2980;1027;comment
3401;90;true;2981;1027;comment
3402;100;true;2982;1027;comment
3403;110;true;2983;1027;comment
3404;120;true;2984;1027;comment
3405;130;true;2985;1027;comment
3406;140;true;2986;1027;comment
3407;150;true;2987;1027;comment
3408;160;true;2988;1027;comment
3409;170;true;2989;1027;comment
3410;180;true;2990;1027;comment
3411;190;true;2991;1027;comment
3412;10;true;2992;75;comment
3413;20;true;2993;75;comment
3414;10;true;2994;62;comment
3415;30;true;2995;75;comment
3416;20;true;2996;62;comment
3417;30;true;2997;62;comment
3418;40;true;2998;75;comment
3419;50;true;2999;75;comment
3420;60;true;3000;75;comment
3421;70;true;3001;75;comment
3422;40;true;3002;62;comment
3423;80;true;3003;75;comment
3424;90;true;3004;75;comment
3425;100;true;3005;75;comment
3426;50;true;3006;62;comment
3427;110;true;3007;75;comment
3428;60;true;3008;62;comment
3429;70;true;3009;62;comment
3430;120;true;3010;75;comment
3431;130;true;3011;75;comment
3432;140;true;3012;75;comment
3433;150;true;3013;75;comment
3434;90;true;3014;62;comment
3435;160;true;3015;75;comment
3436;170;true;3016;75;comment
3437;180;true;3017;75;comment
3438;100;true;3018;62;comment
3439;190;true;3019;75;comment
3440;110;true;3020;62;comment
3441;200;true;3021;75;comment
3442;210;true;3022;75;comment
3443;220;true;3023;75;comment
3444;120;true;3024;62;comment
3445;230;true;3025;75;comment
3446;240;true;3026;75;comment
3447;250;true;3027;75;comment
3448;130;true;3028;62;comment
3449;260;true;3029;75;comment
3450;270;true;3030;75;comment
3451;280;true;3031;75;comment
3452;290;true;3032;75;comment
3453;300;true;3033;75;comment
3454;310;true;3034;75;comment
3455;320;true;3035;75;comment
3456;330;true;3036;75;comment
3457;140;true;3037;62;comment
3458;340;true;3038;75;comment
3459;350;true;3039;75;comment
3460;150;true;3040;62;comment
3461;160;true;3041;62;comment
3462;360;true;3042;75;comment
3463;370;true;3043;75;comment
3464;380;true;3044;75;comment
3465;390;true;3045;75;comment
3466;400;true;3046;75;comment
3467;170;true;3047;62;comment
3468;410;true;3048;75;comment
3469;420;true;3049;75;comment
3470;430;true;3050;75;comment
3471;440;true;3051;75;comment
3472;180;true;3052;62;comment
3473;450;true;3053;75;comment
3474;460;true;3054;75;comment
3475;470;true;3055;75;comment
3476;480;true;3056;75;comment
3477;490;true;3057;75;comment
3478;500;true;3058;75;comment
3479;510;true;3059;75;comment
3480;520;true;3060;75;comment
3481;530;true;3061;75;comment
3482;190;true;3062;62;comment
3483;540;true;3063;75;comment
3484;550;true;3064;75;comment
3485;560;true;3065;75;comment
3486;200;true;3066;62;comment
3487;570;true;3067;75;comment
3488;210;true;3068;62;comment
3489;580;true;3069;75;comment
3490;590;true;3070;75;comment
3491;600;true;3071;75;comment
3492;610;true;3072;75;comment
3493;620;true;3073;75;comment
3494;630;true;3074;75;comment
3495;640;true;3075;75;comment
3496;650;true;3076;75;comment
3497;660;true;3077;75;comment
3498;660;true;3078;75;comment
3499;230;true;3079;62;comment
3500;670;true;3080;75;comment
3501;680;true;3081;75;comment
3502;690;true;3082;75;comment
3503;220;true;3083;62;comment
3504;700;true;3084;75;comment
3505;710;true;3085;75;comment
3506;720;true;3086;75;comment
3507;730;true;3087;75;comment
3508;740;true;3088;75;comment
3509;750;true;3089;75;comment
3510;760;true;3090;75;comment
3511;770;true;3091;75;comment
3512;780;true;3092;75;comment
3513;790;true;3093;75;comment
3514;800;true;3094;62;comment
3515;120;true;3095;75;comment
3516;810;true;3096;75;comment
3517;820;true;3097;75;comment
3518;830;true;3098;75;comment
3519;840;true;3099;75;comment
3520;850;true;3100;75;comment
3521;860;true;3101;75;comment
3522;870;true;3102;75;comment
3523;880;true;3103;75;comment
3524;890;true;3104;75;comment
3525;900;true;3105;75;comment
3526;910;true;3106;75;comment
3527;230;true;3107;62;comment
3528;920;true;3108;75;comment
3529;930;true;3109;75;comment
3530;940;true;3110;75;comment
3531;950;true;3111;75;comment
3532;960;true;3112;75;comment
3533;970;true;3113;75;comment
3534;980;true;3114;75;comment
3535;990;true;3115;75;comment
3536;1000;true;3116;75;comment
3537;1010;true;3117;75;comment
3538;1020;true;3118;75;comment
3539;1030;true;3119;75;comment
3540;1040;true;3120;75;comment
3541;1050;true;3121;75;comment
3542;1060;true;3122;75;comment
3543;1070;true;3123;75;comment
3544;1080;true;3124;75;comment
3545;1090;true;3125;75;comment
3546;240;true;3126;62;comment
3547;1100;true;3127;75;comment
3548;1110;true;3128;75;comment
3549;1120;true;3129;75;comment
3550;1130;true;3130;75;comment
3551;1140;true;3131;75;comment
3552;1150;true;3132;75;comment
3553;1160;true;3133;75;comment
3554;1170;true;3134;75;comment
3555;250;true;3135;62;comment
3556;1180;true;3136;75;comment
3557;1190;true;3137;75;comment
3558;1200;true;3138;75;comment
3559;1210;true;3139;75;comment
3560;1220;true;3140;75;comment
3561;260;true;3141;62;comment
3562;1230;true;3142;75;comment
3563;1240;true;3143;75;comment
3564;1250;true;3144;75;comment
3565;1260;true;3145;75;comment
3566;1270;true;3146;75;comment
3567;1280;true;3147;75;comment
3568;1290;true;3148;75;comment
3569;1300;true;3149;75;comment
3570;1310;true;3150;75;comment
3571;1320;true;3151;75;comment
3572;1330;true;3152;75;comment
3573;270;true;3153;62;comment
3574;280;true;3154;62;comment
3575;290;true;3155;62;comment
3576;300;true;3156;62;comment
3577;1340;true;3157;75;comment
3578;1350;true;3158;75;comment
3579;1360;true;3159;75;comment
3580;1370;true;3160;75;comment
3581;120;true;3161;75;comment
3582;1380;true;3162;75;comment
3583;310;true;3163;62;comment
3584;1390;true;3164;75;comment
3585;1400;true;3165;75;comment
3586;1410;true;3166;75;comment
3587;1420;true;3167;75;comment
3588;1430;true;3168;75;comment
3589;1440;true;3169;75;comment
3590;1450;true;3170;75;comment
3591;1460;true;3171;75;comment
3592;1470;true;3172;75;comment
3593;1480;true;3173;75;comment
3594;1490;true;3174;75;comment
3595;320;true;3175;62;comment
3596;1500;true;3176;75;comment
3597;1510;true;3177;75;comment
3598;1520;true;3178;75;comment
3599;1530;true;3179;75;comment
3600;1540;true;3180;75;comment
3601;1550;true;3181;75;comment
3602;1560;true;3182;75;comment
3603;330;true;3183;62;comment
3604;1570;true;3184;75;comment
3605;1580;true;3185;75;comment
3606;340;true;3186;62;comment
3607;350;true;3187;62;comment
3608;1590;true;3188;75;comment
3609;1600;true;3189;75;comment
3610;350;true;3190;62;comment
3611;360;true;3191;62;comment
3612;1610;true;3192;75;comment
3613;1620;true;3193;75;comment
3614;1630;true;3194;75;comment
3615;370;true;3195;62;comment
3616;1640;true;3196;75;comment
3617;1650;true;3197;75;comment
3618;380;true;3198;62;comment
3619;390;true;3199;62;comment
3620;400;true;3200;62;comment
3621;10;true;3201;1028;comment
3622;20;true;3202;1028;comment
3623;30;true;3203;1028;comment
3624;40;true;3204;1028;comment
3625;50;true;3205;1028;comment
3626;60;true;3206;1028;comment
3627;70;true;3207;1028;comment
3628;80;true;3208;1028;comment
3629;90;true;3209;1028;comment
3630;100;true;3210;1028;comment
3631;110;true;3211;1028;comment
3632;120;true;3212;1028;comment
3633;130;true;3213;1028;comment
3634;140;true;3214;1028;comment
3635;150;true;3215;1028;comment
3636;160;true;3216;1028;comment
3637;170;true;3217;1028;comment
3638;180;true;3218;1028;comment
3639;190;true;3219;1028;comment
3640;200;true;3220;1028;comment
3641;210;true;3221;1028;comment
3642;220;true;3222;1028;comment
3643;230;true;3223;1028;comment
3644;240;true;3224;1028;comment
3645;250;true;3225;1028;comment
3646;260;true;3226;1028;comment
3647;270;true;3227;1028;comment
3648;10;true;3228;1029;comment
3649;20;true;3229;1029;comment
3650;30;true;3230;1029;comment
3651;40;true;3231;1029;comment
3652;50;true;3232;1029;comment
3653;60;true;3233;1029;comment
3654;70;true;3234;1029;comment
3655;80;true;3235;1029;comment
3656;90;true;3236;1029;comment
3657;100;true;3237;1029;comment
3658;110;true;3238;1029;comment
3659;120;true;3239;1029;comment
3660;130;true;3240;1029;comment
3661;140;true;3241;1029;comment
3662;150;true;3242;1029;comment
3663;160;true;3243;1029;comment
3664;170;true;3244;1029;comment
3665;180;true;3245;1029;comment
3666;10;true;3246;15;comment
3667;20;true;3247;15;comment
3668;30;true;3248;15;comment
3669;40;true;3249;15;comment
3670;50;true;3250;15;comment
3671;60;true;3251;15;comment
3672;70;true;3252;15;comment
3673;80;true;3253;15;comment
3674;90;true;3254;15;comment
3675;100;true;3255;15;comment
3676;110;true;3256;15;comment
3677;120;true;3257;15;comment
3678;130;true;3258;15;comment
3679;140;true;3259;15;comment
3680;150;true;3260;15;comment
3681;160;true;3261;15;comment
3682;170;true;3262;15;comment
3683;180;true;3263;15;comment
3684;190;true;3264;15;comment
3685;200;true;3265;15;comment
3686;210;true;3266;15;comment
3687;220;true;3267;15;comment
3688;230;true;3268;15;comment
3689;240;true;3269;15;comment
3690;250;true;3270;15;comment
3691;260;true;3271;15;comment
3692;270;true;3272;15;comment
3693;280;true;3273;15;comment
3694;290;true;3274;15;comment
3695;10;true;3275;87;comment
3696;20;true;3276;87;comment
3697;30;true;3277;87;comment
3698;40;true;3278;87;comment
3699;50;true;3279;87;comment
3700;60;true;3280;87;comment
3701;70;true;3281;87;comment
3702;80;true;3282;87;comment
3703;90;true;3283;87;comment
3704;100;true;3284;87;comment
3705;110;true;3285;87;comment
3706;120;true;3286;87;comment
3707;130;true;3287;87;comment
3708;140;true;3288;87;comment
3709;150;true;3289;87;comment
3710;160;true;3290;87;comment
3711;170;true;3291;87;comment
3712;180;true;3292;87;comment
3713;190;true;3293;87;comment
3714;200;true;3294;87;comment
3715;210;true;3295;87;comment
3716;220;true;3296;87;comment
3717;230;true;3297;87;comment
3718;240;true;3298;87;comment
3719;250;true;3299;87;comment
3720;260;true;3300;87;comment
3721;270;true;3301;87;comment
3722;280;true;3302;87;comment
3723;290;true;3303;87;comment
3724;300;true;3304;87;comment
3725;310;true;3305;87;comment
3726;320;true;3306;87;comment
3727;330;true;3307;87;comment
3728;340;true;3308;87;comment
3729;350;true;3309;87;comment
3730;360;true;3310;87;comment
3731;370;true;3311;87;comment
3732;380;true;3312;87;comment
3733;390;true;3313;87;comment
3734;400;true;3314;87;comment
3735;410;true;3315;87;comment
3736;420;true;3316;87;comment
3737;430;true;3317;87;comment
3738;440;true;3318;87;comment
3739;450;true;3319;87;comment
3740;460;true;3320;87;comment
3741;470;true;3321;87;comment
3742;10;true;3321;74;comment
3743;20;true;3322;74;comment
3744;30;true;3323;74;comment
3745;40;true;3324;74;comment
3746;50;true;3325;74;comment
3747;60;true;3326;74;comment
3748;70;true;3327;74;comment
3749;80;true;3328;74;comment
3750;90;true;3329;74;comment
3751;100;true;3330;74;comment
3752;110;true;3331;74;comment
3753;120;true;3332;74;comment
3754;130;true;3333;74;comment
3755;140;true;3334;74;comment
3756;150;true;3335;74;comment
3757;160;true;3336;74;comment
3758;170;true;3337;74;comment
3759;180;true;3338;74;comment
3760;190;true;3339;74;comment
3761;200;true;3340;74;comment
3762;210;true;3341;74;comment
3763;220;true;3342;74;comment
3764;230;true;3343;74;comment
3765;240;true;3344;74;comment
3766;250;true;3345;74;comment
3767;260;true;3346;74;comment
3768;270;true;3347;74;comment
3769;280;true;3348;74;comment
3770;10;true;3349;47;comment
3771;20;true;3350;47;comment
3772;30;true;3351;47;comment
3773;40;true;3352;47;comment
3774;50;true;3353;47;comment
3775;60;true;3354;47;comment
3776;70;true;3355;47;comment
3777;80;true;3356;47;comment
3778;90;true;3357;47;comment
3779;100;true;3358;47;comment
3780;110;true;3359;47;comment
3781;120;true;3360;47;comment
3782;130;true;3361;47;comment
3783;140;true;3362;47;comment
3784;150;true;3363;47;comment
3785;160;true;3364;47;comment
3786;180;true;3366;47;comment
3787;190;true;3367;47;comment
3788;200;true;3368;47;comment
3789;210;true;3369;47;comment
3790;220;true;3370;47;comment
3791;230;true;3371;47;comment
3792;240;true;3372;47;comment
3793;250;true;3373;47;comment
3794;260;true;3374;47;comment
3795;270;true;3375;47;comment
3796;280;true;3376;47;comment
3797;290;true;3377;47;comment
3798;300;true;3378;47;comment
3799;310;true;3379;47;comment
3800;320;true;3380;47;comment
3801;10;true;3381;40;comment
3802;20;true;3382;40;comment
3803;30;true;3383;40;comment
3804;40;true;3384;40;comment
3805;50;true;3385;40;comment
3806;60;true;3386;40;comment
3807;70;true;3387;40;comment
3808;80;true;3388;40;comment
3809;90;true;3389;40;comment
3810;100;true;3390;40;comment
3811;110;true;3391;40;comment
3812;120;true;3392;40;comment
3813;130;true;3394;40;comment
3814;140;true;3395;40;comment
3815;150;true;3396;40;comment
3816;160;true;3397;40;comment
3817;170;true;3398;40;comment
3818;180;true;3399;40;comment
3819;10;true;3400;1030;comment
3820;20;true;3401;1030;comment
3821;30;true;3402;1030;comment
3822;40;true;3403;1030;comment
3823;50;true;3404;1030;comment
3824;60;true;3405;1030;comment
3825;70;true;3406;1030;comment
3826;80;true;3407;1030;comment
3827;90;true;3408;1030;comment
3828;100;true;3409;1030;comment
3829;110;true;3410;1030;comment
3830;10;true;3411;71;comment
3831;20;true;3412;71;comment
3832;30;true;3413;71;comment
3833;40;true;3414;71;comment
3834;50;true;3415;71;comment
3835;60;true;3416;71;comment
3836;70;true;3417;71;comment
3837;80;true;3418;71;comment
3838;90;true;3419;71;comment
3839;100;true;3420;71;comment
3840;110;true;3421;71;comment
3841;120;true;3422;71;comment
3842;130;true;3423;71;comment
3843;140;true;3424;71;comment
3844;150;true;3425;71;comment
3845;160;true;3426;71;comment
3846;170;true;3427;71;comment
3847;180;true;3428;71;comment
3848;190;true;3429;71;comment
3849;200;true;3430;71;comment
3850;10;true;3431;1031;comment
3851;20;true;3432;1031;comment
3852;30;true;3433;1031;comment
3853;40;true;3434;1031;comment
3854;50;true;3435;1031;comment
3855;60;true;3436;1031;comment
3856;70;true;3437;1031;comment
3857;80;true;3438;1031;comment
3858;90;true;3439;1031;comment
3859;100;true;3440;1031;comment
3860;110;true;3441;1031;comment
3861;120;true;3442;1031;comment
3862;130;true;3443;1031;comment
3863;140;true;3444;1031;comment
3864;150;true;3445;1031;comment
3865;160;true;3446;1031;comment
3866;170;true;3447;1031;comment
3867;180;true;3448;1031;comment
3868;190;true;3449;1031;comment
3869;200;true;3450;1031;comment
3870;210;true;3451;1031;comment
3871;220;true;3452;1031;comment
3872;230;true;3453;1031;comment
3873;240;true;3454;1031;comment
3874;250;true;3455;1031;comment
3875;260;true;3456;1031;comment
3876;270;true;3457;1031;comment
3877;280;true;3458;1031;comment
3878;290;true;3459;1031;comment
3879;300;true;3460;1031;comment
3880;310;true;3461;1031;comment
3881;320;true;3462;1031;comment
3882;330;true;3463;1031;comment
3883;340;true;3464;1031;comment
3884;350;true;3465;1031;comment
3885;360;true;3466;1031;comment
3886;370;true;3467;1031;comment
3887;380;true;3468;1031;comment
3888;10;true;3469;1032;comment
3889;20;true;3470;1032;comment
3890;30;true;3471;1032;comment
3891;40;true;3472;1032;comment
3892;50;true;3473;1032;comment
3893;60;true;3474;1032;comment
3894;70;true;3475;1032;comment
3895;80;true;3476;1032;comment
3896;90;true;3477;1032;comment
3897;100;true;3478;1032;comment
3898;110;true;3479;1032;comment
3899;120;true;3480;1032;comment
3900;130;true;3481;1032;comment
3901;140;true;3482;1032;comment
3902;150;true;3483;1032;comment
3903;160;true;3484;1032;comment
3904;170;true;3485;1032;comment
3905;10;true;3486;1033;comment
3906;20;true;3437;1033;comment
3907;30;true;3454;1033;comment
3908;40;true;3489;1033;comment
3909;50;true;3463;1033;comment
3910;60;true;3463;1033;comment
3911;70;true;3490;1033;comment
3912;80;true;3491;1033;comment
3913;10;true;3436;1034;comment
3914;20;true;3493;1034;comment
3915;30;true;3494;1034;comment
3916;40;true;3495;1034;comment
3917;50;true;3496;1034;comment
3918;60;true;3497;1034;comment
3919;70;true;3498;1034;comment
3920;80;true;3499;1034;comment
3921;90;true;3500;1034;comment
3922;100;true;3501;1034;comment
3923;110;true;3502;1034;comment
3924;120;true;3503;1034;comment
3925;130;true;3504;1034;comment
3926;140;true;3505;1034;comment
3927;150;true;3506;1034;comment
3928;160;true;3507;1034;comment
3929;170;true;3508;1034;comment
3930;180;true;3509;1034;comment
3931;190;true;3510;1034;comment
3932;200;true;3511;1034;comment
3933;210;true;3512;1034;comment
3934;220;true;3513;1034;comment
3935;230;true;3514;1034;comment
3936;240;true;3515;1034;comment
3937;250;true;3516;1034;comment
3938;260;true;3517;1034;comment
3939;270;true;3518;1034;comment
3940;280;true;3519;1034;comment
3941;290;true;3520;1034;comment
3942;300;true;3521;1034;comment
3943;310;true;3522;1034;comment
3944;320;true;3523;1034;comment
3945;330;true;3524;1034;comment
3946;340;true;3525;1034;comment
3947;350;true;3526;1034;comment
3948;360;true;3527;1034;comment
3949;370;true;3528;1034;comment
3950;380;true;3529;1034;comment
3951;390;true;3530;1034;comment
3952;400;true;3531;1034;comment
3953;410;true;3532;1034;comment
3954;420;true;3533;1034;comment
3955;430;true;3534;1034;comment
3956;10;true;3535;79;comment
3957;20;true;3536;79;comment
3958;30;true;3537;79;comment
3959;40;true;3538;79;comment
3960;50;true;3539;79;comment
3961;60;true;3540;79;comment
3962;70;true;3541;79;comment
3963;80;true;3542;79;comment
3964;90;true;3543;79;comment
3965;100;true;3544;79;comment
3966;110;true;3545;79;comment
3967;120;true;3546;79;comment
3968;130;true;3547;79;comment
3969;140;true;3548;79;comment
3970;150;true;3549;79;comment
3971;160;true;3550;79;comment
3972;170;true;3551;79;comment
3973;180;true;3552;79;comment
3974;190;true;3553;79;comment
3975;200;true;3554;79;comment
3976;210;true;3555;79;comment
3977;220;true;3556;79;comment
3978;230;true;3557;79;comment
3979;240;true;3558;79;comment
3980;250;true;3559;79;comment
3981;260;true;3560;79;comment
3982;270;true;3561;79;comment
3983;280;true;3562;79;comment
3984;290;true;3563;79;comment
3985;300;true;3564;79;comment
3986;310;true;3565;79;comment
3987;320;true;3566;79;comment
3988;330;true;3567;79;comment
3989;340;true;3568;79;comment
3990;350;true;3569;79;comment
3991;360;true;3570;79;comment
3992;370;true;3571;79;comment
3993;380;true;3572;79;comment
3994;390;true;3573;79;comment
3995;400;true;3574;79;comment
3996;410;true;3575;79;comment
3997;420;true;3576;79;comment
3998;430;true;3577;79;comment
3999;440;true;3578;79;comment
4000;450;true;3579;79;comment
4001;460;true;3580;79;comment
4002;470;true;3581;79;comment
4003;480;true;3582;79;comment
4004;490;true;3583;79;comment
4005;500;true;3584;79;comment
4006;510;true;3585;79;comment
4007;10;true;3586;1035;comment
4008;20;true;3588;1035;comment
4009;30;true;3589;1035;comment
4010;40;true;3590;1035;comment
4011;50;true;3591;1035;comment
4012;60;true;3592;1035;comment
4013;70;true;3593;1035;comment
4014;80;true;3594;1035;comment
4015;90;true;3595;1035;comment
4016;100;true;3596;1035;comment
4017;110;true;3597;1035;comment
4018;120;true;3598;1035;comment
4019;130;true;3599;1035;comment
4020;140;true;3600;1035;comment
4021;150;true;3601;1035;comment
4022;160;true;3602;1035;comment
4023;170;true;3603;1035;comment
4024;180;true;3604;1035;comment
4025;190;true;3605;1035;comment
4026;200;true;3606;1035;comment
4027;210;true;3607;1035;comment
4028;220;true;3608;1035;comment
4029;230;true;3609;1035;comment
4030;240;true;3610;1035;comment
4031;250;true;3611;1035;comment
4032;260;true;3612;1035;comment
4033;270;true;3613;1035;comment
4034;280;true;3614;1035;comment
4035;290;true;3615;1035;comment
4036;300;true;3616;1035;comment
4037;10;true;3587;1036;comment
4038;20;true;3637;1036;comment
4039;30;true;3618;1036;comment
4040;40;true;3619;1036;comment
4041;50;true;3620;1036;comment
4042;60;true;3621;1036;comment
4043;70;true;3622;1036;comment
4044;80;true;3623;1036;comment
4045;90;true;3624;1036;comment
4046;100;true;3625;1036;comment
4047;110;true;3626;1036;comment
4048;120;true;3627;1036;comment
4049;130;true;3628;1036;comment
4050;140;true;3629;1036;comment
4051;150;true;3630;1036;comment
4052;160;true;3631;1036;comment
4053;170;true;3632;1036;comment
4054;180;true;3633;1036;comment
4055;190;true;3634;1036;comment
4056;200;true;3635;1036;comment
4057;210;true;3636;1036;comment
4058;10;true;3638;86;comment
4059;20;true;3639;86;comment
4060;30;true;3640;86;comment
4061;40;true;3641;86;comment
4062;50;true;3642;86;comment
4063;60;true;3643;86;comment
4064;70;true;3644;86;comment
4065;80;true;3645;86;comment
4066;90;true;3646;86;comment
4067;100;true;3647;86;comment
4068;110;true;3648;86;comment
4069;120;true;3649;86;comment
4070;130;true;3651;86;comment
4071;140;true;3652;86;comment
4072;150;true;3653;86;comment
4073;160;true;3654;86;comment
4074;170;true;3655;86;comment
4075;180;true;3656;86;comment
4076;190;true;3657;86;comment
4077;200;true;3658;86;comment
4078;210;true;3659;86;comment
4079;220;true;3660;86;comment
4080;230;true;3661;86;comment
4081;240;true;3662;86;comment
4082;250;true;3663;86;comment
4083;10;true;3664;1037;comment
4084;20;true;3665;1037;comment
4085;30;true;3666;1037;comment
4086;40;true;3667;1037;comment
4087;50;true;3668;1037;comment
4088;60;true;3669;1037;comment
4089;70;true;3670;1037;comment
4090;80;true;3671;1037;comment
4091;90;true;3672;1037;comment
4092;100;true;3673;1037;comment
4093;110;true;3674;1037;comment
4094;120;true;3675;1037;comment
4095;130;true;3676;1037;comment
4096;140;true;3677;1037;comment
4097;150;true;3678;1037;comment
4098;160;true;3679;1037;comment
4099;170;true;3680;1037;comment
4100;180;true;3681;1037;comment
4101;190;true;3682;1037;comment
4102;200;true;3683;1037;comment
4103;210;true;3684;1037;comment
4104;220;true;3685;1037;comment
4105;230;true;3686;1037;comment
4106;240;true;3687;1037;comment
4107;250;true;3688;1037;comment
4108;260;true;3689;1037;comment
4109;270;true;3690;1037;comment
4110;280;true;3691;1037;comment
4111;10;true;3692;1038;comment
4112;20;true;3693;1038;comment
4113;30;true;3694;1038;comment
4114;40;true;3695;1038;comment
4115;50;true;3696;1038;comment
4116;60;true;3697;1038;comment
4117;70;true;3698;1038;comment
4118;80;true;3699;1038;comment
4120;100;true;3701;1038;comment
4121;110;true;3702;1038;comment
4122;120;true;3703;1038;comment
4123;120;true;3704;1038;comment
4124;130;true;3705;1038;comment
4125;140;true;3706;1038;comment
4126;150;true;3707;1038;comment
4127;160;true;3708;1038;comment
4128;170;true;3709;1038;comment
4129;180;true;3710;1038;comment
4130;190;true;3711;1038;comment
4131;200;true;3712;1038;comment
4132;210;true;3713;1038;comment
4133;220;true;3714;1038;comment
4134;230;true;3715;1038;comment
4135;240;true;3715;1038;comment
4136;250;true;3716;1038;comment
4137;260;true;3717;1038;comment
4138;270;true;3718;1038;comment
4139;280;true;3719;1038;comment
4140;290;true;3720;1038;comment
4141;300;true;3721;1038;comment
4142;310;true;3722;1038;comment
4143;320;true;3723;1038;comment
4144;330;true;3724;1038;comment
4145;340;true;3725;1038;comment
4146;350;true;3726;1038;comment
4147;360;true;3727;1038;comment
4148;370;true;3728;1038;comment
4149;380;true;3729;1038;comment
4150;390;true;3730;1038;comment
4151;400;true;3731;1038;comment
4153;420;true;3733;1038;comment
4155;10;true;3734;1039;comment
4156;20;true;3735;1039;comment
4157;30;true;3736;1039;comment
4158;40;true;3737;1039;comment
4159;50;true;3738;1039;comment
4160;60;true;3739;1039;comment
4161;70;true;3740;1039;comment
4162;80;true;3741;1039;comment
4163;90;true;3742;1039;comment
4164;100;true;3743;1039;comment
4165;110;true;3744;1039;comment
4166;120;true;3745;1039;comment
4167;130;true;3746;1039;comment
4168;140;true;3747;1039;comment
4169;150;true;3748;1039;comment
4170;160;true;3749;1039;comment
4171;170;true;3750;1039;comment
4172;180;true;3751;1039;comment
4173;190;true;3752;1039;comment
4174;200;true;3753;1039;comment
4175;210;true;3754;1039;comment
4176;220;true;3755;1039;comment
4177;230;true;3756;1039;comment
4178;240;true;3757;1039;comment
4179;250;true;3758;1039;comment
4180;260;true;3759;1039;comment
4181;270;true;3760;1039;comment
4182;280;true;3761;1039;comment
4183;290;true;3762;1039;comment
4184;300;true;3763;1039;comment
4185;310;true;3764;1039;comment
4186;320;true;3765;1039;comment
4187;330;true;3766;1039;comment
4188;340;true;3767;1039;comment
4189;350;true;3768;1039;comment
4190;360;true;3769;1039;comment
4191;370;true;3770;1039;comment
4192;380;true;3771;1039;comment
4193;390;true;3772;1039;comment
4194;400;true;3773;1039;comment
4195;410;true;3774;1039;comment
4196;420;true;3775;1039;comment
4197;430;true;3776;1039;comment
4198;440;true;3777;1039;comment
4199;10;true;3778;1040;comment
4200;20;true;3779;1040;comment
4201;30;true;3780;1040;comment
4202;40;true;3781;1040;comment
4203;50;true;3782;1040;comment
4204;60;true;3783;1040;comment
4205;10;true;3784;1041;comment
4206;20;true;3785;1041;comment
4207;30;true;3786;1041;comment
4208;40;true;3787;1041;comment
4209;50;true;3788;1041;comment
4210;60;true;3789;1041;comment
4211;70;true;3790;1041;comment
4212;80;true;3791;1041;comment
4213;90;true;3792;1041;comment
4214;100;true;3793;1041;comment
4215;110;true;3794;1041;comment
4216;120;true;3795;1041;comment
4217;130;true;3796;1041;comment
4218;140;true;3797;1041;comment
4219;150;true;3798;1041;comment
4220;160;true;3799;1041;comment
4221;170;true;3800;1041;comment
4222;180;true;3801;1041;comment
4223;10;true;3802;51;comment
4224;20;true;3803;51;comment
4225;30;true;3804;51;comment
4226;40;true;3805;51;comment
4227;50;true;3806;51;comment
4228;60;true;3807;51;comment
4229;70;true;3808;51;comment
4230;80;true;3809;51;comment
4231;90;true;3810;51;comment
4232;100;true;3811;51;comment
4233;110;true;3812;51;comment
4234;120;true;3813;51;comment
4235;130;true;3814;51;comment
4236;140;true;3815;51;comment
4237;150;true;3816;51;comment
4238;160;true;3817;51;comment
4239;170;true;3818;51;comment
4240;180;true;3819;51;comment
4241;190;true;3820;51;comment
4242;200;true;3821;51;comment
4243;210;true;3822;51;comment
4244;220;true;3823;51;comment
4245;230;true;3824;51;comment
4246;240;true;3825;51;comment
4247;250;true;3826;51;comment
4248;260;true;3827;51;comment
4249;270;true;3828;51;comment
4250;280;true;3829;51;comment
4251;290;true;3830;51;comment
4252;300;true;3831;51;comment
4253;310;true;3832;51;comment
4254;10;true;3833;1042;comment
4255;20;true;3834;1042;comment
4256;30;true;3835;1042;comment
4257;40;true;3836;1042;comment
4258;50;true;3837;1042;comment
4259;60;true;3838;1042;comment
4260;70;true;3839;1042;comment
4261;80;true;3840;1042;comment
4262;90;true;3841;1042;comment
4263;100;true;3842;1042;comment
4264;110;true;3843;1042;comment
4265;120;true;3844;1042;comment
4266;130;true;3845;1042;comment
4267;140;true;3846;1042;comment
4268;150;true;3847;1042;comment
4269;160;true;3848;1042;comment
4270;170;true;3849;1042;comment
4271;180;true;3850;1042;comment
4272;190;true;3851;1042;comment
4273;200;true;3852;1042;comment
4274;210;true;3853;1042;comment
4275;220;true;3854;1042;comment
4276;230;true;3855;1042;comment
4277;240;true;3856;1042;comment
4278;250;true;3857;1042;comment
4279;260;true;3858;1042;comment
4280;270;true;3859;1042;comment
4281;280;true;3860;1042;comment
4282;290;true;3861;1042;comment
4283;300;true;3862;1042;comment
4284;310;true;3863;1042;comment
4285;320;true;3864;1042;comment
4286;330;true;3865;1042;comment
4287;340;true;3866;1042;comment
4288;350;true;3867;1042;comment
4289;360;true;3868;1042;comment
4290;370;true;3869;1042;comment
4291;380;true;3870;1042;comment
4292;390;true;3871;1042;comment
4293;400;true;3872;1042;comment
4294;410;true;3873;1042;comment
4295;420;true;3874;1042;comment
4296;430;true;3875;1042;comment
4297;440;true;3876;1042;comment
4298;450;true;3877;1042;comment
4299;460;true;3878;1042;comment
4300;470;true;3879;1042;comment
4301;480;true;3880;1042;comment
4302;490;true;3881;1042;comment
4303;500;true;3882;1042;comment
4304;10;true;3883;1043;comment
4305;20;true;3884;1043;comment
4306;30;true;3885;1043;comment
4307;40;true;3886;1043;comment
4308;50;true;3887;1043;comment
4309;60;true;3888;1043;comment
4310;70;true;3889;1043;comment
4311;80;true;3890;1043;comment
4312;90;true;3891;1043;comment
4313;100;true;3892;1043;comment
4314;110;true;3893;1043;comment
4315;120;true;3894;1043;comment
4316;130;true;3895;1043;comment
4317;140;true;3896;1043;comment
4318;150;true;3897;1043;comment
4319;160;true;3898;1043;comment
4320;170;true;3899;1043;comment
4321;180;true;3900;1043;comment
4322;190;true;3901;1043;comment
4323;200;true;3902;1043;comment
4324;210;true;3903;1043;comment
4325;220;true;3904;1043;comment
4326;230;true;3905;1043;comment
4327;240;true;3906;1043;comment
4328;250;true;3907;1043;comment
4329;260;true;3908;1043;comment
4330;270;true;3909;1043;comment
4331;280;true;3910;1043;comment
4332;10;true;3911;25;comment
4333;20;true;3912;25;comment
4334;30;true;3913;25;comment
4335;40;true;3914;25;comment
4336;50;true;3915;25;comment
4337;60;true;3916;25;comment
4338;70;true;3917;25;comment
4339;80;true;3918;25;comment
4340;90;true;3919;25;comment
4341;100;true;3920;25;comment
4342;110;true;3921;25;comment
4343;120;true;3922;25;comment
4344;130;true;3923;25;comment
4345;140;true;3924;25;comment
4346;150;true;3925;25;comment
4347;160;true;3926;25;comment
4348;170;true;3927;25;comment
4349;180;true;3928;25;comment
4350;190;true;3929;25;comment
4351;200;true;3930;25;comment
4352;210;true;3931;25;comment
4353;220;true;3932;25;comment
4354;230;true;3933;25;comment
4355;240;true;3934;25;comment
4356;250;true;3935;25;comment
4357;260;true;3936;25;comment
4358;270;true;3937;25;comment
4359;280;true;3938;25;comment
4360;290;true;3939;25;comment
4361;300;true;3940;25;comment
4362;310;true;3941;25;comment
4363;320;true;3942;25;comment
4364;330;true;3943;25;comment
4365;340;true;3944;25;comment
4366;350;true;3945;25;comment
4367;360;true;3945;25;comment
4368;370;true;3946;25;comment
4369;380;true;3947;25;comment
4370;390;true;3948;25;comment
4371;400;true;3949;25;comment
4372;410;true;3950;25;comment
4373;420;true;3951;25;comment
4374;430;true;3952;25;comment
4375;440;true;3953;25;comment
4376;450;true;3954;25;comment
4377;460;true;3955;25;comment
4378;470;true;3956;25;comment
4379;480;true;3957;25;comment
4380;490;true;3958;25;comment
4381;500;true;3959;25;comment
4382;510;true;3960;25;comment
4383;520;true;3961;25;comment
4384;530;true;3962;25;comment
4385;540;true;3963;25;comment
4386;550;true;3964;25;comment
4387;560;true;3965;25;comment
4388;570;true;3966;25;comment
4389;10;true;3967;1046;comment
4390;20;true;3968;1046;comment
4391;30;true;3969;1046;comment
4392;40;true;3970;1046;comment
4393;50;true;3971;1046;comment
4394;60;true;3972;1046;comment
4395;70;true;3973;1046;comment
4396;80;true;3974;1046;comment
4397;90;true;3975;1046;comment
4398;100;true;3976;1046;comment
4399;110;true;3977;1046;comment
4400;120;true;3978;1046;comment
4401;130;true;3979;1046;comment
4402;140;true;3980;1046;comment
4403;150;true;3981;1046;comment
4404;160;true;3982;1046;comment
4405;170;true;3983;1046;comment
4406;180;true;3984;1046;comment
4407;190;true;3985;1046;comment
4408;200;true;3986;1046;comment
4409;210;true;3987;1046;comment
4410;220;true;3988;1046;comment
4411;230;true;3989;1046;comment
4412;240;true;3990;1046;comment
4413;250;true;3991;1046;comment
4414;260;true;3992;1046;comment
4415;270;true;3993;1046;comment
4416;280;true;3994;1046;comment
4417;290;true;3995;1046;comment
4418;300;true;3996;1046;comment
4419;310;true;3997;1046;comment
4420;320;true;3998;1046;comment
4421;330;true;3999;1046;comment
4422;340;true;4001;1046;comment
4423;350;true;4002;1046;comment
4424;360;true;4003;1046;comment
4425;370;true;4004;1046;comment
4426;380;true;4005;1046;comment
4427;390;true;4006;1046;comment
4428;400;true;4007;1046;comment
4429;410;true;4008;1046;comment
4430;420;true;4009;1046;comment
4431;430;true;4011;1046;comment
4432;440;true;4012;1046;comment
4433;450;true;4013;1046;comment
4434;460;true;4014;1046;comment
4435;470;true;4015;1046;comment
4436;480;true;4016;1046;comment
4437;10;true;4017;1046;comment
4438;490;true;4018;1046;comment
4439;500;true;4019;1046;comment
4440;510;true;4020;1046;comment
4441;520;true;4021;1046;comment
4442;530;true;4022;1046;comment
4443;540;true;4023;1046;comment
4444;550;true;4024;1046;comment
4445;560;true;4025;1046;comment
4446;570;true;4026;1046;comment
4447;580;true;4027;1046;comment
4448;590;true;4028;1046;comment
4449;600;true;4029;1046;comment
4450;610;true;4030;1046;comment
4451;620;true;4031;1046;comment
4452;630;true;4032;1044;comment
4453;640;true;4033;1044;comment
4454;650;true;4034;1044;comment
4455;660;true;4035;1044;comment
4456;670;true;4036;1044;comment
4457;680;true;4037;1044;comment
4458;690;true;4038;1044;comment
4459;700;true;4039;1044;comment
4460;710;true;4040;1044;comment
4461;720;true;4041;1044;comment
4462;730;true;4042;1044;comment
4463;740;true;4043;1044;comment
4464;750;true;4044;1044;comment
4465;760;true;4045;1044;comment
4466;770;true;4046;1044;comment
4467;780;true;4047;1044;comment
4468;790;true;4048;1044;comment
4469;800;true;4049;1044;comment
4470;810;true;4050;1044;comment
4471;820;true;4051;1044;comment
4472;830;true;4052;1044;comment
4473;840;true;4053;1044;comment
4474;850;true;4054;1044;comment
4475;860;true;4055;1044;comment
4476;870;true;4056;1044;comment
4477;880;true;4057;1044;comment
4478;890;true;4058;1044;comment
4479;900;true;4059;1044;comment
4480;910;true;4060;1044;comment
4481;920;true;4061;1044;comment
4482;930;true;4062;1044;comment
4483;940;true;4063;1044;comment
4484;950;true;4064;1044;comment
4485;960;true;4065;1044;comment
4486;970;true;4066;1044;comment
4487;980;true;4067;1044;comment
4488;990;true;4068;1044;comment
4489;1000;true;4069;1044;comment
4490;1010;true;4070;1044;comment
4491;1020;true;4071;1044;comment
4492;1030;true;4072;1044;comment
4493;1040;true;4073;1044;comment
4494;1050;true;4074;1044;comment
4495;1060;true;4075;1044;comment
4496;1070;true;4076;1044;comment
4497;1080;true;4077;1044;comment
4498;1090;true;4078;1044;comment
4499;1100;true;4079;1044;comment
4500;1110;true;4080;1044;comment
4501;1120;true;4081;1044;comment
4502;1130;true;4082;1044;comment
4503;1140;true;4083;1044;comment
4504;1150;true;4084;1044;comment
4505;1160;true;4085;1044;comment
4506;1170;true;4086;1044;comment
4507;1180;true;4087;1044;comment
4508;1190;true;4088;1044;comment
4509;1200;true;4089;1044;comment
4510;1210;true;4090;1044;comment
4511;1220;true;4091;1044;comment
4512;1230;true;4092;1044;comment
4513;1240;true;4093;1044;comment
4514;1250;true;4094;1044;comment
4515;1260;true;4095;1044;comment
4516;1270;true;4096;1044;comment
4517;1280;true;4097;1044;comment
4518;1290;true;4098;1044;comment
4519;1300;true;4099;1044;comment
4520;1310;true;4100;1044;comment
4521;1320;true;4101;1044;comment
4522;1330;true;4102;1044;comment
4523;1340;true;4103;1044;comment
4524;10;true;4104;1045;comment
4525;20;true;4105;1045;comment
4526;30;true;4106;1045;comment
4527;40;true;4107;1045;comment
4528;50;true;4108;1045;comment
4529;10;true;4109;1045;comment
4530;50;true;4110;1048;comment
4531;750;true;4126;55;comment
4532;30;true;4111;55;comment
4533;60;true;4112;1048;comment
4534;50;true;4114;55;comment
4535;60;true;4115;55;comment
4536;70;true;4116;55;comment
4537;70;true;4117;1048;comment
4538;90;true;4118;55;comment
4539;100;true;4119;55;comment
4540;80;true;4120;1048;comment
4541;120;true;4121;55;comment
4542;130;true;4122;55;comment
4543;10;true;4123;1047;comment
4544;150;true;4124;55;comment
4545;160;true;4125;55;comment
4546;90;true;4126;1048;comment
4547;180;true;4127;55;comment
4548;190;true;4128;55;comment
4549;100;true;4129;1048;comment
4550;20;true;4130;1047;comment
4551;110;true;4131;1048;comment
4552;120;true;4132;1048;comment
4553;240;true;4133;55;comment
4554;30;true;4134;1047;comment
4555;260;true;4135;55;comment
4556;270;true;4136;55;comment
4557;40;true;4137;1047;comment
4558;50;true;4138;1047;comment
4559;130;true;4139;1048;comment
4560;140;true;4140;1048;comment
4561;60;true;4141;1047;comment
4562;330;true;4142;55;comment
4563;340;true;4143;55;comment
4564;350;true;4144;55;comment
4565;150;true;4145;55;comment
4566;370;true;4146;55;comment
4567;160;true;4147;1048;comment
4568;170;true;4148;1048;comment
4569;180;true;4149;1048;comment
4570;190;true;4150;1048;comment
4571;200;true;4151;1048;comment
4572;210;true;4152;1048;comment
4573;220;true;4153;1048;comment
4574;450;true;4154;55;comment
4575;230;true;4155;1048;comment
4576;470;true;4156;55;comment
4577;70;true;4157;1047;comment
4578;480;true;4158;55;comment
4579;80;true;4159;1047;comment
4580;510;true;4160;55;comment
4581;90;true;4161;1047;comment
4582;100;true;4162;1047;comment
4583;540;true;4163;55;comment
4584;240;true;4164;1048;comment
4585;250;true;4164;1048;comment
4586;560;true;4165;55;comment
4587;570;true;4166;55;comment
4588;260;true;4167;1048;comment
4589;270;true;4168;1048;comment
4590;600;true;4169;55;comment
4591;270;true;4170;1048;comment
4592;280;true;4171;1048;comment
4593;630;true;4172;55;comment
4594;640;true;4173;55;comment
4595;650;true;4174;1047;comment
4596;290;true;4175;1048;comment
4597;670;true;4176;55;comment
4598;300;true;4177;1048;comment
4599;310;true;4178;1048;comment
4600;720;true;4179;55;comment
4601;730;true;4180;55;comment
4602;740;true;4181;55;comment
4603;750;true;4182;55;comment
4604;330;true;4183;1048;comment
4605;770;true;4184;55;comment
4606;780;true;4185;55;comment
4609;790;true;4186;1047;comment
4610;800;true;4187;55;comment
4611;10;true;4188;1048;comment
4612;20;true;4189;1048;comment
4613;830;true;4190;55;comment
4614;840;true;4191;55;comment
4615;340;true;4192;1048;comment
4616;350;true;4193;1048;comment
4617;360;true;4194;1048;comment
4618;370;true;4195;1048;comment
4619;380;true;4196;1048;comment
4620;110;true;4197;1047;comment
4621;910;true;4198;55;comment
4622;920;true;4199;55;comment
4623;930;true;4200;55;comment
4624;940;true;4201;55;comment
4625;390;true;4202;1048;comment
4626;120;true;4203;1047;comment
4627;970;true;4204;55;comment
4628;980;true;4205;55;comment
4629;990;true;4206;55;comment
4630;400;true;4207;1048;comment
4631;1010;true;4208;55;comment
4632;410;true;4209;1048;comment
4633;1030;true;4210;55;comment
4634;1040;true;4211;55;comment
4635;1050;true;4212;55;comment
4636;1060;true;4213;55;comment
4637;1070;true;4214;55;comment
4638;1080;true;4215;55;comment
4639;420;true;4216;1048;comment
4640;1100;true;4217;55;comment
4641;1110;true;4218;55;comment
4642;300;true;4219;1047;comment
4643;1130;true;4220;55;comment
4644;1140;true;4221;55;comment
4645;1150;true;4222;55;comment
4646;430;true;4223;1048;comment
4647;1170;true;4224;55;comment
4648;440;true;4225;1048;comment
4649;1190;true;4226;55;comment
4650;450;true;4227;1048;comment
4651;470;true;4228;1048;comment
4652;460;true;4229;1048;comment
4653;1230;true;4230;55;comment
4654;1240;true;4231;55;comment
4655;1250;true;4232;55;comment
4656;1260;true;4233;55;comment
4657;1270;true;4234;55;comment
4658;120;true;4235;1047;comment
4659;480;true;4236;1048;comment
4660;1300;true;4237;55;comment
4661;490;true;4238;1048;comment
4662;1320;true;4239;55;comment
4663;1330;true;4240;55;comment
4664;1340;true;4241;55;comment
4665;310;true;4242;1047;comment
4666;1360;true;4243;55;comment
4667;1370;true;4244;55;comment
4668;1380;true;4245;55;comment
4669;1390;true;4246;55;comment
4670;1400;true;4247;55;comment
4671;500;true;4248;1048;comment
4672;1420;true;4249;55;comment
4673;1430;true;4250;55;comment
4674;510;true;4251;1048;comment
4675;1450;true;4252;55;comment
4676;520;true;4253;1048;comment
4677;1470;true;4254;55;comment
4678;1480;true;4255;55;comment
4679;1490;true;4256;55;comment
4680;1500;true;4257;55;comment
4681;530;true;4258;1048;comment
4682;1520;true;4259;55;comment
4683;50;true;4260;1048;comment
4684;1540;true;4261;55;comment
4685;1550;true;4262;55;comment
4686;1560;true;4263;55;comment
4687;1570;true;4264;55;comment
4688;1580;true;4265;55;comment
4689;1590;true;4266;55;comment
4690;1600;true;4267;55;comment
4691;1610;true;4268;55;comment
4692;540;true;4269;1048;comment
4693;1630;true;4270;55;comment
4694;550;true;4271;1048;comment
4695;1650;true;4272;55;comment
4696;1660;true;4273;55;comment
4697;1670;true;4274;55;comment
4698;130;true;4275;1047;comment
4699;1680;true;4276;55;comment
4700;1690;true;4277;55;comment
4701;1700;true;4278;55;comment
4702;1710;true;4279;55;comment
4703;560;true;4280;1048;comment
4704;1730;true;4281;55;comment
4705;1740;true;4282;55;comment
4706;1750;true;4283;55;comment
4707;1760;true;4284;55;comment
4708;1770;true;4285;55;comment
4709;1780;true;4286;55;comment
4710;1790;true;4287;55;comment
4711;1800;true;4289;55;comment
4712;1810;true;4113;55;comment
4713;300;true;4290;1015;comment
4714;60;true;4291;1048;comment
4715;580;true;4293;1048;comment
4716;30;true;4294;48;comment
4717;60;true;4298;1000;comment
4718;80;true;4299;48;comment
4719;90;true;4300;66;comment
4720;100;true;4301;48;comment
4721;110;true;4302;48;comment
4722;120;true;4303;48;comment
4723;130;true;4304;66;comment
4724;130;true;4305;48;comment
4725;70;true;4306;1000;comment
4726;140;true;4307;48;comment
4727;150;true;4308;48;comment
4728;160;true;4309;48;comment
4729;170;true;4310;48;comment
4730;180;true;4311;48;comment
4731;190;true;4312;48;comment
4732;200;true;4313;48;comment
4733;210;true;4314;48;comment
4734;220;true;4315;48;comment
4735;230;true;4316;48;comment
4736;240;true;4317;48;comment
4737;250;true;4318;48;comment
4738;260;true;4319;48;comment
4739;270;true;4320;48;comment
4740;280;true;4321;48;comment
4741;290;true;4322;48;comment
4742;300;true;4323;48;comment
4743;310;true;4324;48;comment
4744;320;true;4325;48;comment
4745;330;true;4326;48;comment
4746;140;true;4327;66;comment
4747;150;true;4328;66;comment
4749;90;true;4329;1000;comment
4750;80;true;4330;6;comment
4751;90;true;4331;6;comment
4752;100;true;4332;6;comment
4753;110;true;4333;6;comment
4754;120;true;4334;6;comment
4755;130;true;4335;6;comment
4756;140;true;4336;6;comment
4757;150;true;4337;6;comment
4758;160;true;4338;6;comment
4759;170;true;4339;6;comment
4760;180;true;4340;6;comment
4761;190;true;4341;6;comment
4762;200;true;4342;6;comment
4763;210;true;4343;6;comment
4764;220;true;4344;6;comment
4765;230;true;4345;6;comment
4766;240;true;4346;6;comment
4767;250;true;4347;6;comment
4769;260;true;4348;6;comment
4770;70;true;4349;1006;comment
4771;80;true;4350;1006;comment
4772;90;true;4351;1006;comment
4773;100;true;4352;1006;comment
4774;100;true;4353;1001;comment
4775;100;true;4354;1001;comment
4776;100;true;4355;1001;comment
4777;10;true;4295;1049;comment
4778;70;true;4296;48;comment
4779;30;true;4297;48;comment
4780;20;true;2073;1049;comment
4781;30;true;4356;1049;comment
4782;30;true;4357;1049;comment
4783;40;true;4358;1049;comment
4784;100;true;4359;1049;comment
4785;60;true;4360;1049;comment
4786;70;true;4361;1049;comment
4787;80;true;4362;1049;comment
4788;90;true;4363;1049;comment
4789;110;true;4364;1049;comment
4790;120;true;4365;1049;comment
4791;130;true;4366;1049;comment
4792;40;true;4367;1049;comment
4793;140;true;4368;1049;comment
4794;150;true;2996;1049;comment
4795;160;true;2187;1049;comment
4796;170;true;4369;1049;comment
4797;80;true;4370;1049;comment
4798;180;true;4371;1049;comment
4799;200;true;4372;1049;comment
4800;190;true;4373;1049;comment
4801;200;true;4374;1049;comment
4802;70;true;4375;1049;comment
4803;210;true;4376;1049;comment
4805;220;true;4377;1049;comment
4806;230;true;4378;1049;comment
4807;240;true;4379;1049;comment
4808;250;true;4380;1049;comment
4809;260;true;4381;1049;comment
4810;200;true;4382;1049;comment
4811;280;true;4383;1049;comment
4812;290;true;4384;1049;comment
4813;300;true;4385;1049;comment
4814;310;true;4386;1049;comment
4815;320;true;4387;1049;comment
4816;330;true;4388;1049;comment
4817;340;true;4389;1049;comment
4818;350;true;4390;1049;comment
4819;360;true;4391;1049;comment
4820;370;true;4392;1049;comment
4821;380;true;4393;1049;comment
4822;240;true;4394;1049;comment
4823;400;true;4395;1049;comment
4824;410;true;4396;1049;comment
4825;420;true;4397;1049;comment
4826;430;true;4398;1049;comment
4827;250;true;4399;1049;comment
4828;450;true;4400;1049;comment
4829;460;true;4401;1049;comment
4830;470;true;4402;1049;comment
4831;480;true;4404;1049;comment
4832;260;true;4405;1049;comment
4833;510;true;4406;1049;comment
4834;520;true;4407;1049;comment
4835;530;true;4408;1049;comment
4836;540;true;4409;1049;comment
4837;550;true;4410;1049;comment
4838;280;true;4411;1049;comment
4839;570;true;4412;1049;comment
4840;580;true;4413;1049;comment
4841;590;true;4414;1049;comment
4842;600;true;4415;1049;comment
4843;610;true;4416;1049;comment
4844;620;true;4417;1049;comment
4845;630;true;4418;1049;comment
4846;640;true;4419;1049;comment
4847;650;true;4420;1049;comment
4848;660;true;4421;1049;comment
4849;380;true;4422;1049;comment
4850;680;true;4423;1049;comment
4851;690;true;4424;1049;comment
4852;700;true;4425;1049;comment
4853;710;true;4426;1049;comment
4854;720;true;4427;1049;comment
4855;730;true;4428;1049;comment
4856;740;true;4429;1049;comment
4857;750;true;4430;1049;comment
4858;390;true;4431;1049;comment
4859;770;true;4432;1049;comment
4860;780;true;4433;1049;comment
4861;790;true;4434;1049;comment
4862;800;true;4435;1049;comment
4863;810;true;4436;1049;comment
4864;820;true;4437;1049;comment
4865;830;true;4438;1049;comment
4866;840;true;4439;1049;comment
4867;850;true;4440;1049;comment
4868;860;true;4441;1049;comment
4869;870;true;4442;1049;comment
4870;880;true;4443;1049;comment
4871;890;true;4444;1049;comment
4872;900;true;4445;1049;comment
4873;910;true;4446;1049;comment
4874;920;true;4447;1049;comment
4875;930;true;4448;1049;comment
4876;940;true;4449;1049;comment
4877;950;true;4450;1049;comment
4878;960;true;4451;1049;comment
4879;970;true;4452;1049;comment
4880;980;true;4453;1049;comment
4881;990;true;4454;1049;comment
4882;1000;true;4455;1049;comment
4883;1010;true;4456;1049;comment
4884;1020;true;4457;1049;comment
4885;1030;true;4458;1049;comment
4886;1040;true;4458;1049;comment
4887;1050;true;4459;1049;comment
4888;1060;true;4460;1049;comment
4889;1070;true;4461;1049;comment
4890;1080;true;4462;1049;comment
4891;1090;true;4463;1049;comment
4892;1100;true;4464;1049;comment
4893;1110;true;4465;1049;comment
4894;1120;true;4466;1049;comment
4895;1130;true;4467;1049;comment
4896;1140;true;4468;1049;comment
4897;1150;true;4469;1049;comment
4898;1160;true;4470;1049;comment
4899;1170;true;4471;1049;comment
4900;1180;true;4472;1049;comment
4901;1190;true;4473;1049;comment
4902;1200;true;4474;1049;comment
4903;1210;true;4475;1049;comment
4904;1220;true;4476;1049;comment
4905;1230;true;4477;1049;comment
4906;1240;true;4478;1049;comment
4907;1250;true;4479;1049;comment
4908;1260;true;4480;1049;comment
4909;1270;true;4481;1049;comment
4910;1280;true;4482;1049;comment
4911;1290;true;4483;1049;comment
4912;1300;true;4484;1049;comment
4913;1310;true;4485;1049;comment
4914;1320;true;4486;1049;comment
4915;1330;true;4487;1049;comment
4916;1340;true;4488;1049;comment
4917;1350;true;4489;1049;comment
4918;1360;true;4490;1049;comment
4919;1370;true;4491;1049;comment
4920;1380;true;4492;1049;comment
4921;1390;true;4493;1049;comment
4922;1400;true;4494;1049;comment
4923;1410;true;4495;1049;comment
4924;1420;true;4496;1049;comment
4925;1430;true;4498;1049;comment
4926;1450;true;4499;1049;comment
4927;1460;true;4500;1049;comment
4928;1470;true;4501;1049;comment
4929;1480;true;4502;1049;comment
4930;1490;true;4503;1049;comment
4931;1500;true;4504;1049;comment
4932;1510;true;4505;1049;comment
4933;1520;true;4506;1049;comment
4934;10;true;4507;1050;comment
4935;20;true;4508;1050;comment
4936;30;true;4509;1050;comment
4937;40;true;4510;1050;comment
4938;50;true;4511;1050;comment
4939;60;true;4512;1050;comment
4940;70;true;4513;1050;comment
4941;80;true;4514;1050;comment
4942;90;true;4515;1050;comment
4943;100;true;4516;1050;comment
4944;110;true;4517;1050;comment
4945;120;true;4518;1050;comment
4946;140;true;4520;1050;comment
4947;150;true;4521;1050;comment
4948;160;true;4522;1050;comment
4949;170;true;4523;1050;comment
4950;180;true;4524;1050;comment
4951;190;true;4525;1050;comment
4952;200;true;4526;1050;comment
4953;210;true;4527;1050;comment
4954;220;true;4528;1050;comment
4955;230;true;4529;1050;comment
4956;240;true;4530;1050;comment
4957;250;true;4531;1050;comment
4958;260;true;4532;1050;comment
4959;270;true;4533;1050;comment
4960;280;true;4534;1050;comment
4961;290;true;4535;1050;comment
4962;300;true;4536;1050;comment
4963;310;true;4537;1050;comment
4964;320;true;4538;1050;comment
4965;330;true;4539;1050;comment
4966;340;true;4540;1050;comment
4967;350;true;4541;1050;comment
4968;360;true;4542;1050;comment
4969;370;true;4543;1050;comment
4970;380;true;4544;1050;comment
4971;390;true;4545;1050;comment
4972;400;true;4546;1050;comment
4973;410;true;4547;1050;comment
4974;420;true;4548;1050;comment
4975;430;true;4549;1050;comment
4976;440;true;4550;1050;comment
4977;450;true;4551;1050;comment
4978;460;true;4552;1050;comment
4979;470;true;4553;1050;comment
4980;480;true;4554;1050;comment
4981;490;true;4555;1050;comment
4982;500;true;4556;1050;comment
4983;510;true;4557;1050;comment
4984;520;true;4558;1050;comment
4985;530;true;4559;1050;comment
4986;540;true;4560;1050;comment
4987;550;true;4561;1050;comment
4988;560;true;4562;1050;comment
4989;570;true;4563;1050;comment
4990;580;true;4564;1050;comment
4991;590;true;4565;1050;comment
4992;600;true;4566;1050;comment
4993;610;true;4567;1050;comment
4994;620;true;4568;1050;comment
4995;630;true;4569;1050;comment
4996;640;true;4570;1050;comment
4997;650;true;4571;1050;comment
4998;660;true;4572;1050;comment
4999;670;true;4573;1050;comment
5000;680;true;4574;1050;comment
5001;690;true;4575;1050;comment
5002;700;true;4576;1050;comment
5003;710;true;4577;1050;comment
5004;720;true;4578;1050;comment
5005;730;true;4579;1050;comment
5006;740;true;4580;1050;comment
5007;750;true;4581;1050;comment
5008;760;true;4582;1050;comment
5009;770;true;4583;1050;comment
5010;780;true;4585;1050;comment
5011;790;true;4586;1050;comment
5012;800;true;4587;1050;comment
5013;810;true;4588;1050;comment
5014;820;true;4589;1050;comment
5015;830;true;4590;1050;comment
5016;840;true;4591;1050;comment
5017;850;true;4592;1050;comment
5018;860;true;4593;1050;comment
5019;870;true;4594;1050;comment
5020;880;true;4595;1050;comment
5021;890;true;4596;1050;comment
5022;900;true;4597;1050;comment
5023;910;true;4598;1050;comment
5024;920;true;4599;1050;comment
5025;930;true;4600;1050;comment
5026;940;true;4601;1050;comment
5027;950;true;4602;1050;comment
5028;960;true;4603;1050;comment
5029;970;true;4604;1050;comment
5030;980;true;4605;1050;comment
5031;990;true;4606;1050;comment
5032;1000;true;4607;1050;comment
5033;1010;true;4608;1050;comment
5034;1020;true;4609;1050;comment
5035;1030;true;4610;1050;comment
5036;1040;true;4611;1050;comment
5037;1050;true;4612;1050;comment
5038;1060;true;4613;1050;comment
5039;1070;true;4614;1050;comment
5040;1080;true;4615;1050;comment
5041;1090;true;4616;1050;comment
