id;score_channel;is_show_channel;channel_id;rel_category_city_id;comment
1;10;true;2073;1;comment
2;20;true;4356;1;comment
3;30;true;4357;1;comment
4;40;true;4358;1;comment
5;50;true;4359;1;comment
6;60;true;4360;1;comment
7;70;true;4361;1;comment
8;80;true;4362;1;comment
9;90;true;4363;1;comment
10;100;true;4364;1;comment
11;110;true;4365;1;comment
12;120;true;4366;1;comment
13;130;true;4367;1;comment
14;140;true;4368;1;comment
15;10;true;4369;3;comment
16;150;true;4370;1;comment
17;160;true;4371;1;comment
18;10;true;4372;2;comment
19;10;true;4373;3;comment
20;20;true;4374;3;comment
21;170;true;4375;1;comment
22;30;true;4376;3;comment
23;40;true;4377;3;comment
24;10;true;4377;18;comment
25;10;true;4377;14;comment
26;10;true;4377;15;comment
27;10;true;4377;16;comment
28;50;true;4378;3;comment
29;180;true;4379;1;comment
30;60;true;4380;3;comment
31;190;true;4381;1;comment
32;200;true;4382;1;comment
33;10;true;4383;13;comment
34;10;true;4384;17;comment
35;10;true;4385;4;comment
36;20;true;4386;2;comment
37;210;true;4386;1;comment
38;220;true;4387;1;comment
39;230;true;4388;1;comment
40;240;true;4389;1;comment
41;20;true;4389;17;comment
42;250;true;4390;1;comment
43;260;true;4391;1;comment
44;30;true;4391;2;comment
45;270;true;4392;1;comment
46;20;true;4393;13;comment
47;280;true;4394;1;comment
48;60;true;4395;3;comment
49;290;true;4395;1;comment
50;300;true;4396;1;comment
51;10;true;4397;18;comment
52;60;true;4397;3;comment
53;10;true;4398;19;comment
54;70;true;4399;3;comment
55;80;true;4400;3;comment
56;310;true;4401;1;comment
57;320;true;4402;1;comment
58;20;true;4403;18;comment
59;320;true;4404;1;comment
60;330;true;4405;1;comment
61;340;true;4406;1;comment
62;90;true;4407;3;comment
63;100;true;4408;3;comment
64;350;true;4409;1;comment
65;360;true;4410;1;comment
66;370;true;4411;1;comment
67;40;true;4412;2;comment
68;110;true;4413;3;comment
69;30;true;4413;18;comment
70;10;true;4413;8;comment
71;120;true;4414;3;comment
72;10;true;4414;9;comment
73;10;true;4415;22;comment
74;380;true;4415;1;comment
75;130;true;4416;3;comment
76;390;true;4417;1;comment
77;40;true;4418;18;comment
78;20;true;4418;8;comment
79;140;true;4418;3;comment
80;40;true;4419;18;comment
81;30;true;4419;8;comment
82;140;true;4419;3;comment
83;400;true;4420;1;comment
84;150;true;4421;3;comment
85;50;true;4421;18;comment
86;160;true;4422;3;comment
87;410;true;4423;1;comment
88;10;true;4424;5;comment
89;420;true;4425;1;comment
90;20;true;4426;22;comment
91;10;true;4427;6;comment
92;430;true;4428;1;comment
93;10;true;4429;7;comment
94;30;true;4430;17;comment
95;10;true;4430;23;comment
96;40;true;4431;2;comment
97;170;true;4432;3;comment
98;820;true;4432;23;comment
99;180;true;4433;3;comment
100;40;true;4433;8;comment
101;10;true;4434;24;comment
102;10;true;4435;19;comment
103;440;true;4436;1;comment
104;50;true;4437;8;comment
105;20;true;4438;7;comment
106;10;true;4439;21;comment
107;180;true;4439;3;comment
108;10;true;4440;9;comment
109;450;true;4441;1;comment
110;30;true;4442;7;comment
111;10;true;4443;10;comment
112;460;true;4444;1;comment
113;50;true;4444;18;comment
114;470;true;4445;1;comment
115;10;true;4446;12;comment
116;470;true;4447;1;comment
117;480;true;4448;1;comment
118;190;true;4448;3;comment
119;70;true;4448;18;comment
120;60;true;4448;8;comment
121;60;true;4449;18;comment
122;50;true;4450;2;comment
123;490;true;4450;1;comment
124;10;true;4451;25;comment
125;500;true;4452;1;comment
126;40;true;4453;7;comment
127;20;true;4454;5;comment
128;200;true;4455;3;comment
129;20;true;4455;9;comment
130;20;true;4456;25;comment
131;510;true;4457;1;comment
132;520;true;4458;1;comment
133;210;true;4459;3;comment
134;70;true;4459;8;comment
135;20;true;4460;10;comment
136;70;true;4461;18;comment
137;20;true;4462;6;comment
138;220;true;4463;3;comment
139;530;true;4464;1;comment
140;230;true;4465;3;comment
141;30;true;4465;9;comment
142;240;true;4466;3;comment
143;40;true;4466;9;comment
144;80;true;4467;18;comment
145;540;true;4468;1;comment
146;30;true;4469;25;comment
147;40;true;4470;25;comment
148;550;true;4471;1;comment
149;40;true;4472;17;comment
150;560;true;4473;1;comment
151;90;true;4474;18;comment
152;50;true;4475;17;comment
153;570;true;4476;1;comment
154;250;true;4477;3;comment
155;20;true;4477;21;comment
156;260;true;4478;3;comment
157;50;true;4479;9;comment
158;100;true;4480;18;comment
159;110;true;4481;18;comment
160;120;true;4481;18;comment
161;580;true;4482;1;comment
162;260;true;4483;3;comment
163;30;true;4484;9;comment
164;130;true;4485;18;comment
165;590;true;4486;1;comment
166;10;true;4487;26;comment
167;600;true;4488;1;comment
168;40;true;4489;17;comment
169;270;true;4490;3;comment
170;50;true;4490;25;comment
171;60;true;4491;17;comment
172;140;true;4492;18;comment
173;150;true;4493;18;comment
174;10;true;4494;11;comment
175;80;true;4494;8;comment
176;70;true;4495;17;comment
177;610;true;4496;1;comment
178;280;true;4497;3;comment
179;620;true;4498;1;comment
180;630;true;4499;1;comment
181;60;true;4499;2;comment
182;30;true;4500;6;comment
183;290;true;4501;3;comment
184;40;true;4501;6;comment
185;80;true;4501;17;comment
186;30;true;4502;10;comment
187;20;true;4503;13;comment
188;160;true;4504;18;comment
189;300;true;4505;3;comment
190;40;true;4506;10;comment
191;10;true;4507;27;comment
192;20;true;4508;27;comment
193;30;true;4509;27;comment
194;40;true;4510;27;comment
195;50;true;4511;27;comment
196;10;true;4513;28;comment
197;60;true;4514;27;comment
198;70;true;4515;27;comment
199;10;true;4516;29;comment
200;70;true;4517;27;comment
201;20;true;4518;28;comment
202;10;true;4518;30;comment
203;80;true;4519;27;comment
204;10;true;4520;31;comment
205;30;true;4521;28;comment
206;80;true;4522;27;comment
207;10;true;4522;32;comment
208;90;true;4523;27;comment
209;10;true;4524;33;comment
210;90;true;4525;27;comment
211;100;true;4526;27;comment
212;20;true;4526;31;comment
213;10;true;4527;34;comment
214;40;true;4528;28;comment
215;10;true;4529;35;comment
216;110;true;4530;27;comment
217;30;true;4530;31;comment
218;40;true;4531;28;comment
219;20;true;4531;34;comment
220;50;true;4532;28;comment
221;20;true;4532;32;comment
222;50;true;4533;28;comment
223;120;true;4534;27;comment
224;30;true;4535;34;comment
225;20;true;4536;30;comment
226;30;true;4537;34;comment
227;130;true;4538;27;comment
228;60;true;4539;28;comment
229;140;true;4540;27;comment
230;30;true;4541;30;comment
231;10;true;4542;36;comment
232;60;true;4543;28;comment
233;30;true;4543;32;comment
234;150;true;4544;27;comment
235;160;true;4545;27;comment
236;170;true;4546;37;comment
237;70;true;4547;28;comment
238;180;true;4548;27;comment
239;190;true;4549;27;comment
240;200;true;4550;27;comment
241;80;true;4550;28;comment
242;210;true;4551;27;comment
243;20;true;4552;32;comment
244;90;true;4553;28;comment
245;100;true;4554;28;comment
246;40;true;4554;30;comment
247;110;true;4555;28;comment
248;10;true;4555;38;comment
249;120;true;4556;28;comment
250;40;true;4556;34;comment
251;10;true;4557;39;comment
252;130;true;4558;28;comment
253;50;true;4559;30;comment
254;140;true;4560;28;comment
255;150;true;4561;28;comment
256;60;true;4561;30;comment
257;150;true;4562;28;comment
258;60;true;4562;30;comment
259;20;true;4563;35;comment
260;210;true;4564;27;comment
261;220;true;4565;27;comment
262;10;true;4566;40;comment
263;10;true;4567;41;comment
264;160;true;4568;28;comment
265;70;true;4568;30;comment
266;180;true;4569;37;comment
267;160;true;4570;28;comment
268;20;true;4571;41;comment
269;190;true;4572;27;comment
270;10;true;4573;42;comment
271;70;true;4574;30;comment
272;40;true;4575;31;comment
273;170;true;4576;28;comment
274;20;true;4577;39;comment
275;30;true;4578;32;comment
276;180;true;4579;28;comment
277;30;true;4580;41;comment
278;180;true;4581;28;comment
279;10;true;4582;43;comment
280;200;true;4583;27;comment
281;190;true;4583;28;comment
282;210;true;4584;27;comment
283;200;true;4584;28;comment
284;210;true;4585;28;comment
285;50;true;4585;34;comment
286;190;true;4585;37;comment
287;220;true;4586;27;comment
288;230;true;4587;27;comment
289;240;true;4588;27;comment
290;250;true;4589;27;comment
291;260;true;4590;27;comment
292;10;true;4591;44;comment
293;80;true;4592;30;comment
294;20;true;4593;33;comment
295;200;true;4593;37;comment
296;270;true;4594;27;comment
297;280;true;4595;27;comment
298;290;true;4596;27;comment
299;300;true;4597;27;comment
300;210;true;4597;37;comment
301;310;true;4598;27;comment
302;220;true;4599;28;comment
303;310;true;4600;27;comment
304;40;true;4600;31;comment
305;230;true;4601;28;comment
306;320;true;4602;27;comment
307;330;true;4603;27;comment
308;10;true;4604;45;comment
309;20;true;4605;40;comment
310;60;true;4605;34;comment
311;20;true;4606;29;comment
312;10;true;4606;46;comment
313;20;true;4607;42;comment
314;20;true;4608;38;comment
315;30;true;4608;39;comment
316;340;true;4609;27;comment
317;90;true;4610;30;comment
318;20;true;4611;42;comment
319;350;true;4612;27;comment
320;240;true;4612;28;comment
321;20;true;4613;43;comment
322;30;true;4614;33;comment
323;360;true;4615;27;comment
324;250;true;4615;28;comment
325;90;true;4616;30;comment
326;30;true;4617;40;comment
327;260;true;4617;28;comment
328;370;true;4618;27;comment
329;30;true;4619;43;comment
330;10;true;4620;48;comment
331;10;true;4621;58;comment
332;10;true;4622;60;comment
333;10;true;4623;59;comment
334;10;true;4624;47;comment
335;10;true;4625;63;comment
336;10;true;4626;49;comment
337;20;true;4627;47;comment
338;10;true;4628;64;comment
339;10;true;4629;65;comment
340;10;true;4630;66;comment
341;10;true;4631;67;comment
342;30;true;4632;47;comment
343;40;true;4633;47;comment
344;50;true;4634;47;comment
345;10;true;4635;50;comment
346;20;true;4636;67;comment
347;60;true;4637;47;comment
348;10;true;4638;69;comment
349;10;true;4639;70;comment
350;10;true;4640;71;comment
351;10;true;4641;72;comment
352;10;true;4642;73;comment
353;20;true;4643;70;comment
354;10;true;4644;54;comment
355;20;true;4645;64;comment
356;10;true;4646;57;comment
357;10;true;4647;76;comment
358;10;true;4648;77;comment
359;10;true;4649;78;comment
360;10;true;4650;81;comment
361;20;true;4651;57;comment
362;10;true;4652;82;comment
363;20;true;4653;59;comment
364;10;true;4654;83;comment
365;10;true;4655;84;comment
366;10;true;4656;85;comment
367;10;true;4656;86;comment
368;20;true;4657;61;comment
369;30;true;4658;57;comment
370;140;true;4659;51;comment
371;10;true;4660;91;comment
372;70;true;4661;47;comment
373;20;true;4661;49;comment
374;30;true;4662;61;comment
375;10;true;4663;92;comment
376;20;true;4664;66;comment
377;10;true;4665;52;comment
378;80;true;4666;47;comment
379;10;true;4667;95;comment
380;10;true;4668;96;comment
381;20;true;4669;78;comment
382;20;true;4670;90;comment
383;10;true;4671;97;comment
384;10;true;4672;88;comment
385;20;true;4673;69;comment
386;30;true;4674;78;comment
387;10;true;4675;93;comment
388;10;true;4676;94;comment
389;90;true;4677;47;comment
390;100;true;4678;47;comment
391;10;true;4679;98;comment
392;10;true;4680;99;comment
393;10;true;4681;100;comment
394;40;true;4682;101;comment
395;120;true;4683;47;comment
396;10;true;4684;102;comment
397;20;true;4685;60;comment
398;30;true;4686;67;comment
399;20;true;4687;32;comment
400;130;true;4688;47;comment
401;20;true;4688;54;comment
402;210;true;4689;53;comment
403;30;true;4690;54;comment
404;10;true;4691;103;comment
405;20;true;4692;48;comment
406;20;true;4693;104;comment
407;20;true;4694;72;comment
408;10;true;4695;94;comment
409;30;true;4696;105;comment
410;40;true;4697;67;comment
411;40;true;4698;54;comment
412;20;true;4699;88;comment
413;10;true;4700;55;comment
414;20;true;4701;52;comment
415;50;true;4702;54;comment
416;10;true;4703;106;comment
417;50;true;4704;62;comment
418;20;true;4705;77;comment
419;30;true;4706;90;comment
420;40;true;4707;62;comment
421;10;true;4708;107;comment
422;10;true;4709;56;comment
423;10;true;4710;100;comment
424;10;true;4711;108;comment
425;60;true;4712;61;comment
426;20;true;4713;50;comment
427;30;true;4714;59;comment
428;20;true;4715;55;comment
429;10;true;4716;74;comment
430;10;true;4717;109;comment
431;30;true;4718;50;comment
432;20;true;4719;65;comment
433;140;true;4720;47;comment
434;30;true;4721;88;comment
435;10;true;4722;75;comment
436;30;true;4723;48;comment
437;40;true;4724;59;comment
438;30;true;4725;66;comment
439;50;true;4726;59;comment
440;20;true;4727;110;comment
441;40;true;4728;50;comment
442;20;true;4729;85;comment
443;10;true;4730;111;comment
444;50;true;4731;67;comment
445;10;true;4732;98;comment
446;150;true;4733;47;comment
447;40;true;4734;48;comment
448;20;true;4735;58;comment
449;60;true;4736;67;comment
450;10;true;4737;44;comment
451;10;true;4738;1;comment
452;30;true;4739;85;comment
453;10;true;4740;32;comment
454;160;true;4741;47;comment
455;20;true;4742;44;comment
456;10;true;4743;45;comment
457;60;true;4744;59;comment
458;30;true;4745;49;comment
459;20;true;4745;56;comment
460;30;true;4746;87;comment
461;40;true;4747;88;comment
462;40;true;4748;78;comment
463;10;true;4749;46;comment
464;170;true;4750;47;comment
465;180;true;4751;47;comment
466;30;true;4752;58;comment
467;40;true;4753;90;comment
468;10;true;4754;80;comment
469;50;true;4755;48;comment
470;10;true;4756;79;comment
471;190;true;4757;47;comment
472;20;true;4758;80;comment
473;60;true;4759;68;comment
474;30;true;4760;65;comment
475;40;true;4761;65;comment
476;60;true;4762;48;comment
477;40;true;4763;85;comment
478;10;true;4764;112;comment
479;20;true;4765;112;comment
480;10;true;4766;113;comment
481;30;true;4767;112;comment
482;40;true;4768;112;comment
483;10;true;4768;114;comment
484;50;true;4769;112;comment
485;20;true;4770;114;comment
486;50;true;4771;112;comment
487;60;true;4772;112;comment
488;70;true;4773;112;comment
489;80;true;4774;112;comment
490;90;true;4775;112;comment
491;100;true;4776;112;comment
492;110;true;4777;112;comment
493;120;true;4778;112;comment
494;10;true;4779;115;comment
495;10;true;4780;116;comment
496;10;true;4781;117;comment
497;130;true;4782;112;comment
498;10;true;4783;113;comment
499;10;true;4784;119;comment
500;140;true;4785;112;comment
501;150;true;4786;112;comment
502;160;true;4787;112;comment
503;10;true;4788;120;comment
504;10;true;4789;121;comment
505;10;true;4790;122;comment
506;10;true;4791;123;comment
507;170;true;4792;112;comment
508;180;true;4793;112;comment
509;10;true;4793;124;comment
510;10;true;4794;125;comment
511;20;true;4795;125;comment
512;30;true;4796;125;comment
513;10;true;4797;127;comment
514;20;true;4798;113;comment
515;10;true;4799;125;comment
516;190;true;4800;112;comment
517;10;true;4801;116;comment
518;200;true;4802;112;comment
519;10;true;4803;128;comment
520;10;true;4804;129;comment
521;20;true;4805;122;comment
522;10;true;4806;130;comment
523;20;true;4807;121;comment
524;30;true;4808;121;comment
525;30;true;4809;113;comment
526;40;true;4810;113;comment
527;10;true;4811;118;comment
528;10;true;4812;131;comment
529;210;true;4813;112;comment
530;10;true;4814;132;comment
531;20;true;4815;132;comment
532;30;true;4816;121;comment
533;10;true;4817;134;comment
534;20;true;4818;130;comment
535;10;true;4819;135;comment
536;10;true;4820;136;comment
537;20;true;4821;136;comment
538;40;true;4822;125;comment
539;10;true;4823;137;comment
540;50;true;4824;113;comment
541;220;true;4825;112;comment
542;50;true;4826;113;comment
543;20;true;4827;134;comment
544;30;true;4828;134;comment
545;40;true;4829;121;comment
546;10;true;4830;139;comment
547;50;true;4831;125;comment
548;60;true;4832;113;comment
549;30;true;4833;122;comment
550;40;true;4834;134;comment
551;60;true;4835;125;comment
552;70;true;4836;125;comment
553;30;true;4837;132;comment
554;20;true;4838;114;comment
555;230;true;4839;112;comment
556;240;true;4840;112;comment
557;250;true;4841;112;comment
558;70;true;4842;113;comment
559;40;true;4843;122;comment
560;10;true;4844;140;comment
561;40;true;4845;132;comment
562;260;true;4846;112;comment
563;10;true;4847;141;comment
564;20;true;4848;141;comment
565;10;true;4849;135;comment
566;30;true;4850;141;comment
567;10;true;4851;142;comment
568;270;true;4852;112;comment
569;280;true;4853;112;comment
570;290;true;4854;112;comment
571;80;true;4855;125;comment
572;30;true;4856;114;comment
573;40;true;4857;114;comment
574;10;true;4858;143;comment
575;20;true;4859;143;comment
576;10;true;4860;144;comment
577;30;true;4861;143;comment
578;40;true;4862;143;comment
579;10;true;4863;145;comment
580;10;true;4864;146;comment
581;50;true;4865;143;comment
582;60;true;4866;143;comment
583;10;true;4867;147;comment
584;10;true;4868;150;comment
585;20;true;4869;145;comment
586;70;true;4870;143;comment
587;20;true;4871;150;comment
588;10;true;4872;148;comment
589;80;true;4873;143;comment
590;90;true;4874;143;comment
591;30;true;4875;150;comment
592;100;true;4876;143;comment
593;10;true;4877;149;comment
594;40;true;4878;150;comment
595;110;true;4879;143;comment
596;10;true;4880;151;comment
597;120;true;4881;143;comment
598;40;true;4882;152;comment
599;20;true;4883;149;comment
600;130;true;4884;143;comment
601;40;true;4885;154;comment
602;50;true;4886;150;comment
603;60;true;4886;150;comment
604;40;true;4887;155;comment
605;140;true;4888;143;comment
606;150;true;4889;143;comment
607;70;true;4890;150;comment
608;80;true;4891;150;comment
609;40;true;4892;156;comment
610;90;true;4893;150;comment
611;30;true;4894;149;comment
612;10;true;4895;157;comment
613;10;true;4896;158;comment
614;40;true;4897;150;comment
615;40;true;4898;150;comment
616;10;true;4899;159;comment
617;100;true;4900;150;comment
618;20;true;4901;159;comment
619;110;true;4902;150;comment
620;120;true;4903;150;comment
621;130;true;4904;150;comment
622;10;true;4905;160;comment
623;10;true;4906;161;comment
624;10;true;4907;162;comment
625;140;true;4908;150;comment
626;40;true;4909;163;comment
627;20;true;4910;161;comment
628;20;true;4911;162;comment
629;20;true;4912;151;comment
630;10;true;4913;164;comment
631;10;true;4914;165;comment
632;10;true;4915;166;comment
633;10;true;4916;167;comment
634;30;true;4917;162;comment
635;10;true;4918;168;comment
636;10;true;4919;169;comment
637;20;true;4920;147;comment
638;10;true;4921;170;comment
639;30;true;4922;159;comment
640;150;true;4923;150;comment
641;10;true;4924;171;comment
642;40;true;4925;162;comment
643;10;true;4926;172;comment
644;30;true;4927;151;comment
645;10;true;4928;173;comment
646;140;true;4929;150;comment
647;10;true;4930;174;comment
648;160;true;4931;143;comment
649;170;true;4932;143;comment
650;10;true;4933;175;comment
651;20;true;4934;175;comment
652;10;true;4935;176;comment
653;30;true;4936;175;comment
654;10;true;4937;177;comment
655;10;true;4938;178;comment
656;20;true;4939;177;comment
657;20;true;4940;178;comment
658;30;true;4941;178;comment
659;30;true;4942;177;comment
660;40;true;4943;178;comment
661;40;true;4944;177;comment
662;50;true;4944;178;comment
663;50;true;4945;177;comment
664;10;true;4946;179;comment
665;10;true;4947;180;comment
666;10;true;4948;181;comment
667;10;true;4949;150;comment
668;20;true;4950;150;comment
669;30;true;4951;182;comment
670;30;true;4952;150;comment
671;40;true;4953;150;comment
672;20;true;4954;181;comment
673;30;true;4955;181;comment
674;40;true;4956;181;comment
675;10;true;4957;183;comment
676;50;true;4958;181;comment
677;10;true;4959;184;comment
678;20;true;4960;183;comment
679;60;true;4961;177;comment
680;30;true;4962;183;comment
681;20;true;4963;179;comment
682;10;true;4964;185;comment
683;30;true;4965;179;comment
684;40;true;4966;179;comment
685;10;true;4967;186;comment
686;10;true;4968;187;comment
687;70;true;4969;177;comment
688;50;true;4970;179;comment
689;60;true;4971;181;comment
690;10;true;4972;188;comment
691;10;true;4973;189;comment
692;10;true;4974;190;comment
693;10;true;4975;191;comment
694;60;true;4976;179;comment
695;80;true;4977;177;comment
696;60;true;4978;178;comment
697;10;true;4979;192;comment
698;70;true;4980;179;comment
699;10;true;4981;193;comment
700;10;true;4982;194;comment
701;70;true;4983;178;comment
702;10;true;4984;195;comment
703;10;true;4985;196;comment
704;10;true;4986;197;comment
705;20;true;4987;197;comment
706;30;true;4988;197;comment
707;40;true;4989;197;comment
708;50;true;4990;197;comment
709;10;true;4991;198;comment
710;30;true;4992;197;comment
711;60;true;4993;197;comment
712;70;true;4994;197;comment
713;80;true;4995;197;comment
714;90;true;4996;197;comment
715;100;true;4997;197;comment
716;10;true;4998;199;comment
717;10;true;4999;200;comment
718;10;true;5000;201;comment
719;20;true;5001;199;comment
720;10;true;5002;202;comment
721;110;true;5003;197;comment
722;10;true;5004;203;comment
723;120;true;5005;197;comment
724;30;true;5006;199;comment
725;20;true;5007;198;comment
726;10;true;5008;204;comment
727;130;true;5009;197;comment
728;140;true;5010;197;comment
729;30;true;5011;204;comment
730;30;true;5012;198;comment
731;40;true;5013;198;comment
732;150;true;5014;197;comment
733;10;true;5015;205;comment
734;160;true;5016;197;comment
735;170;true;5017;197;comment
736;10;true;5018;206;comment
737;10;true;5019;207;comment
738;180;true;5020;197;comment
739;50;true;5021;198;comment
740;180;true;5022;197;comment
741;40;true;5023;199;comment
742;10;true;5024;208;comment
743;10;true;5025;209;comment
744;10;true;5026;210;comment
745;20;true;5027;209;comment
746;10;true;5028;211;comment
747;20;true;5029;211;comment
748;30;true;5030;211;comment
749;10;true;5031;212;comment
750;30;true;5032;209;comment
751;40;true;5033;211;comment
752;40;true;5034;209;comment
753;50;true;5035;209;comment
754;50;true;5036;211;comment
755;10;true;5037;213;comment
756;10;true;5038;213;comment
757;60;true;5039;211;comment
758;70;true;5040;211;comment
759;80;true;5041;211;comment
760;20;true;5042;212;comment
761;60;true;5043;209;comment
762;70;true;5044;209;comment
763;30;true;5045;212;comment
764;90;true;5046;211;comment
765;40;true;5047;212;comment
766;100;true;5048;211;comment
767;110;true;5049;211;comment
768;120;true;5050;211;comment
769;80;true;5051;209;comment
770;90;true;5052;209;comment
771;100;true;5053;209;comment
772;10;true;5054;210;comment
773;110;true;5055;209;comment
774;10;true;5056;214;comment
775;10;true;5057;213;comment
776;10;true;5058;215;comment
777;10;true;5059;216;comment
778;120;true;5060;209;comment
779;50;true;5061;212;comment
780;60;true;5062;212;comment
781;130;true;5063;211;comment
782;20;true;5064;210;comment
783;130;true;5065;209;comment
784;10;true;5066;213;comment
785;10;true;5067;209;comment
786;10;true;5068;217;comment
787;140;true;5069;209;comment
788;150;true;5070;209;comment
789;160;true;5071;209;comment
790;20;true;5072;214;comment
791;10;true;5073;209;comment
792;70;true;5074;212;comment
793;170;true;5075;209;comment
794;180;true;5076;209;comment
795;10;true;5077;218;comment
796;190;true;5078;209;comment
797;10;true;5079;219;comment
798;200;true;5080;209;comment
799;30;true;5081;214;comment
800;10;true;5082;213;comment
801;10;true;5083;209;comment
802;80;true;5084;212;comment
803;10;true;5085;220;comment
804;210;true;5086;209;comment
805;10;true;5087;221;comment
806;20;true;5088;221;comment
807;90;true;5089;212;comment
808;10;true;5090;222;comment
809;10;true;5091;223;comment
810;10;true;5092;224;comment
811;10;true;5093;225;comment
812;100;true;5094;212;comment
813;220;true;5095;209;comment
814;20;true;5096;222;comment
815;10;true;5097;226;comment
816;230;true;5098;209;comment
817;240;true;5099;209;comment
818;250;true;5100;209;comment
819;140;true;5100;211;comment
820;260;true;5101;209;comment
821;270;true;5102;209;comment
822;150;true;5103;211;comment
823;30;true;5104;222;comment
824;110;true;5105;212;comment
825;280;true;5106;209;comment
826;290;true;5107;209;comment
827;10;true;5108;227;comment
828;40;true;5109;222;comment
829;300;true;5110;209;comment
830;10;true;5111;228;comment
831;50;true;5112;222;comment
832;20;true;5113;223;comment
833;120;true;5114;212;comment
834;10;true;5115;229;comment
835;20;true;5116;219;comment
836;30;true;5117;219;comment
837;310;true;5118;209;comment
838;160;true;5119;211;comment
839;40;true;5120;214;comment
840;170;true;5121;211;comment
841;10;true;5122;230;comment
842;330;true;5123;209;comment
843;30;true;5124;223;comment
844;340;true;5125;209;comment
845;40;true;5126;223;comment
846;20;true;5127;226;comment
847;40;true;5128;219;comment
848;30;true;5129;226;comment
849;50;true;5130;219;comment
850;40;true;5131;223;comment
851;50;true;5132;223;comment
852;60;true;5133;223;comment
853;60;true;5134;219;comment
854;10;true;5135;231;comment
855;70;true;5136;219;comment
856;180;true;5137;211;comment
857;20;true;5138;225;comment
858;20;true;5139;228;comment
859;70;true;5140;223;comment
860;10;true;5141;232;comment
861;20;true;5142;232;comment
862;30;true;5143;232;comment
863;10;true;5144;233;comment
864;40;true;5145;232;comment
865;10;true;5146;234;comment
866;20;true;5147;234;comment
867;10;true;5148;235;comment
868;50;true;5149;232;comment
869;10;true;5150;236;comment
870;20;true;5151;236;comment
871;60;true;5152;232;comment
872;70;true;5153;232;comment
873;10;true;5153;237;comment
874;80;true;5154;232;comment
875;30;true;5155;236;comment
876;10;true;5156;238;comment
877;10;true;5157;239;comment
878;10;true;5158;240;comment
879;90;true;5159;232;comment
880;10;true;5160;241;comment
881;10;true;5161;242;comment
882;90;true;5162;232;comment
883;100;true;5163;232;comment
884;110;true;5164;232;comment
885;120;true;5165;232;comment
886;130;true;5166;232;comment
887;10;true;5167;243;comment
888;10;true;5168;244;comment
889;10;true;5169;245;comment
890;140;true;5170;232;comment
891;140;true;5171;245;comment
892;140;true;5172;242;comment
893;140;true;5173;232;comment
894;150;true;5174;232;comment
895;10;true;5175;246;comment
896;10;true;5176;247;comment
897;10;true;5177;248;comment
898;10;true;5178;249;comment
899;10;true;5179;249;comment
900;10;true;5180;247;comment
901;10;true;5181;250;comment
902;10;true;5181;250;comment
903;10;true;5182;251;comment
904;10;true;5183;249;comment
905;10;true;5184;252;comment
906;10;true;5185;249;comment
907;10;true;5186;250;comment
908;10;true;5187;253;comment
909;10;true;5188;249;comment
910;10;true;5189;254;comment
911;10;true;5190;249;comment
912;10;true;5191;249;comment
913;10;true;5192;255;comment
914;10;true;5193;248;comment
915;10;true;5194;249;comment
916;10;true;5195;249;comment
917;10;true;5196;250;comment
918;10;true;5197;253;comment
919;10;true;5198;253;comment
920;10;true;5199;249;comment
921;10;true;5200;249;comment
922;10;true;5201;249;comment
923;10;true;5202;249;comment
924;10;true;5203;255;comment
925;10;true;5204;256;comment
926;10;true;5205;249;comment
927;10;true;5206;248;comment
928;10;true;5207;257;comment
929;10;true;5208;258;comment
930;10;true;5209;248;comment
931;10;true;5210;259;comment
932;10;true;5211;256;comment
933;10;true;5212;249;comment
934;10;true;5213;249;comment
935;10;true;5214;249;comment
936;10;true;5215;260;comment
937;10;true;5216;248;comment
938;10;true;5217;259;comment
939;10;true;5218;259;comment
940;10;true;5219;248;comment
941;10;true;5220;247;comment
942;10;true;5221;254;comment
943;10;true;5222;249;comment
944;10;true;5223;249;comment
945;10;true;5223;249;comment
946;10;true;5224;261;comment
947;20;true;5225;261;comment
948;30;true;5226;261;comment
949;10;true;5227;262;comment
950;40;true;5228;261;comment
951;50;true;5229;261;comment
952;10;true;5230;263;comment
953;60;true;5231;261;comment
954;70;true;5232;261;comment
955;20;true;5232;263;comment
956;80;true;5233;261;comment
957;90;true;5234;261;comment
958;10;true;5235;264;comment
959;100;true;5236;261;comment
960;20;true;5237;262;comment
961;110;true;5238;261;comment
962;10;true;5239;265;comment
963;120;true;5240;261;comment
964;30;true;5241;263;comment
965;130;true;5242;261;comment
966;140;true;5243;261;comment
967;10;true;5244;266;comment
968;10;true;5245;268;comment
969;10;true;5246;267;comment
970;10;true;5247;269;comment
971;20;true;5248;269;comment
972;10;true;5249;270;comment
973;150;true;5250;261;comment
974;30;true;5251;262;comment
975;160;true;5252;261;comment
976;20;true;5253;270;comment
977;30;true;5254;270;comment
978;160;true;5255;261;comment
979;40;true;5256;270;comment
980;20;true;5257;268;comment
981;170;true;5258;261;comment
982;10;true;5259;271;comment
983;180;true;5260;261;comment
984;30;true;5261;268;comment
985;190;true;5262;261;comment
986;10;true;5263;272;comment
987;10;true;5264;273;comment
988;10;true;5265;274;comment
989;10;true;5266;275;comment
990;10;true;5267;276;comment
991;200;true;5268;261;comment
992;20;true;5269;272;comment
993;210;true;5270;261;comment
994;220;true;5271;261;comment
995;40;true;5272;268;comment
996;230;true;5273;261;comment
997;20;true;5274;274;comment
998;50;true;5275;268;comment
999;10;true;5276;277;comment
1000;60;true;5277;268;comment
1001;240;true;5278;261;comment
1002;250;true;5279;261;comment
1003;260;true;5280;261;comment
1004;10;true;5281;278;comment
1005;20;true;5282;271;comment
1006;50;true;5283;270;comment
1007;10;true;5284;279;comment
1008;30;true;5285;272;comment
1009;10;true;5286;280;comment
1010;10;true;5287;281;comment
1011;20;true;5288;281;comment
1012;40;true;5289;262;comment
1013;270;true;5290;261;comment
1014;280;true;5291;261;comment
1015;10;true;5292;282;comment
1016;10;true;5293;283;comment
1017;290;true;5294;261;comment
1018;40;true;5295;272;comment
1019;50;true;5296;272;comment
1020;60;true;5297;272;comment
1021;30;true;5298;269;comment
1022;300;true;5299;261;comment
1023;20;true;5300;264;comment
1024;310;true;5301;261;comment
1025;20;true;5302;265;comment
1026;70;true;5303;272;comment
1027;20;true;5304;273;comment
1028;30;true;5305;281;comment
1029;10;true;5306;285;comment
1030;30;true;5307;265;comment
1031;20;true;5308;282;comment
1032;320;true;5309;261;comment
1033;10;true;5310;284;comment
1034;80;true;5311;272;comment
1035;20;true;5312;276;comment
1036;60;true;5313;270;comment
1037;10;true;5314;286;comment
1038;330;true;5315;261;comment
1039;340;true;5316;261;comment
1040;20;true;5317;284;comment
1041;40;true;5318;281;comment
1042;30;true;5319;273;comment
1043;10;true;5320;287;comment
1044;90;true;5321;272;comment
1045;350;true;5322;261;comment
1046;30;true;5323;284;comment
1047;10;true;5324;288;comment
1048;10;true;5325;289;comment
1049;20;true;5326;289;comment
1050;10;true;5327;290;comment
1051;10;true;5328;291;comment
1052;10;true;5329;292;comment
1053;20;true;5330;290;comment
1054;30;true;5331;289;comment
1055;40;true;5332;289;comment
1056;50;true;5333;289;comment
1057;10;true;5334;293;comment
1058;60;true;5335;289;comment
1059;10;true;5336;294;comment
1060;10;true;5337;295;comment
1061;70;true;5338;289;comment
1062;30;true;5339;290;comment
1063;10;true;5340;296;comment
1064;10;true;5341;297;comment
1065;10;true;5342;298;comment
1066;80;true;5343;289;comment
1067;20;true;5344;297;comment
1068;90;true;5345;289;comment
1069;20;true;5346;293;comment
1070;10;true;5347;299;comment
1071;10;true;5348;300;comment
1072;100;true;5349;289;comment
1073;10;true;5350;301;comment
1074;20;true;5351;291;comment
1075;10;true;5352;302;comment
1076;110;true;5353;289;comment
1077;40;true;5354;290;comment
1078;10;true;5355;303;comment
1079;20;true;5356;303;comment
1080;30;true;5357;303;comment
1081;40;true;5358;303;comment
1082;10;true;5358;304;comment
1083;10;true;5359;305;comment
1084;50;true;5360;303;comment
1085;10;true;5361;306;comment
1086;60;true;5362;303;comment
1087;70;true;5363;303;comment
1088;80;true;5364;303;comment
1089;10;true;5365;307;comment
1090;90;true;5366;303;comment
1091;100;true;5367;303;comment
1092;20;true;5368;304;comment
1093;110;true;5369;303;comment
1094;30;true;5369;304;comment
1095;20;true;5370;306;comment
1096;120;true;5371;303;comment
1097;10;true;5372;308;comment
1098;10;true;5373;309;comment
1099;130;true;5374;303;comment
1100;30;true;5375;306;comment
1101;140;true;5376;303;comment
1102;10;true;5377;310;comment
1103;150;true;5378;303;comment
1104;160;true;5379;303;comment
1105;10;true;5380;311;comment
1106;20;true;5380;311;comment
1107;10;true;5381;312;comment
1108;20;true;5382;312;comment
1109;40;true;5383;306;comment
1110;170;true;5384;303;comment
1111;30;true;5385;307;comment
1112;180;true;5386;303;comment
1113;30;true;5387;313;comment
1114;30;true;5388;307;comment
1115;50;true;5389;306;comment
1116;60;true;5390;306;comment
1117;10;true;5391;314;comment
1118;10;true;5392;315;comment
1119;10;true;5393;316;comment
1120;190;true;5394;303;comment
1121;10;true;5395;317;comment
1122;70;true;5396;306;comment
1123;10;true;5397;318;comment
1124;20;true;5398;315;comment
1125;200;true;5399;303;comment
1126;20;true;5400;317;comment
1127;10;true;5401;319;comment
1128;10;true;5402;320;comment
1129;80;true;5403;306;comment
1130;30;true;5404;303;comment
1131;210;true;5405;303;comment
1132;220;true;5406;303;comment
1133;90;true;5407;306;comment
1134;30;true;5408;315;comment
1135;20;true;5409;310;comment
1136;230;true;5410;303;comment
1137;10;true;5411;321;comment
1138;100;true;5412;306;comment
1139;20;true;5413;314;comment
1140;110;true;5414;306;comment
1141;40;true;5415;315;comment
1142;240;true;5416;303;comment
1143;10;true;5417;322;comment
1144;30;true;5418;303;comment
1145;10;true;5419;323;comment
1146;30;true;5420;310;comment
1147;30;true;5421;303;comment
1148;20;true;5422;323;comment
1149;250;true;5423;303;comment
1150;30;true;5424;307;comment
1151;260;true;5425;303;comment
1152;20;true;5426;319;comment
1153;30;true;5427;319;comment
1154;30;true;5428;312;comment
1155;40;true;5429;310;comment
1156;10;true;5430;324;comment
1157;270;true;5431;303;comment
1158;10;true;5432;325;comment
1159;20;true;5433;320;comment
1160;20;true;5434;318;comment
1161;280;true;5435;303;comment
1162;290;true;5436;303;comment
1163;300;true;5437;303;comment
1164;10;true;5438;326;comment
1165;20;true;5439;326;comment
1166;10;true;5440;327;comment
1167;30;true;5441;326;comment
1168;20;true;4957;327;comment
1169;30;true;5442;327;comment
1170;40;true;5443;326;comment
1171;10;true;5444;328;comment
1172;40;true;5445;327;comment
1173;50;true;5446;326;comment
1174;50;true;5447;327;comment
1175;60;true;5448;327;comment
1176;60;true;5449;326;comment
1177;70;true;5450;327;comment
1178;10;true;5451;329;comment
1179;20;true;5452;328;comment
1180;10;true;5453;330;comment
1181;30;true;5454;328;comment
1182;80;true;5455;327;comment
1183;70;true;5456;326;comment
1184;90;true;5457;327;comment
1185;80;true;5458;326;comment
1186;40;true;5459;328;comment
1187;10;true;5460;331;comment
1188;10;true;5461;332;comment
1189;90;true;5462;326;comment
1190;10;true;5463;333;comment
1191;20;true;5464;333;comment
1192;30;true;5465;333;comment
1193;10;true;5466;334;comment
1194;40;true;5467;333;comment
1195;50;true;5468;333;comment
1196;60;true;5469;333;comment
1197;10;true;5470;335;comment
1198;10;true;5471;336;comment
1199;20;true;5471;336;comment
1200;70;true;5472;333;comment
1201;80;true;5473;333;comment
1202;90;true;5474;333;comment
1203;100;true;5475;333;comment
1204;10;true;5476;337;comment
1205;10;true;5477;338;comment
1206;110;true;5478;333;comment
1207;10;true;5479;339;comment
1208;10;true;5480;340;comment
1209;20;true;5481;340;comment
1210;120;true;5482;333;comment
1211;130;true;5483;333;comment
1212;140;true;5484;333;comment
1213;10;true;5485;341;comment
1214;10;true;5486;342;comment
1215;10;true;5487;343;comment
1216;10;true;5488;344;comment
1217;20;true;5489;339;comment
1218;10;true;5490;345;comment
1219;20;true;5491;339;comment
1220;20;true;5492;344;comment
1221;10;true;5493;346;comment
1222;30;true;5494;340;comment
1223;10;true;5495;347;comment
1224;20;true;5496;342;comment
1225;10;true;5497;348;comment
1226;30;true;5498;342;comment
1227;40;true;5499;342;comment
1228;10;true;5500;349;comment
1229;10;true;5501;350;comment
1230;20;true;5502;350;comment
1231;50;true;5503;342;comment
1232;10;true;5504;351;comment
1233;150;true;5505;333;comment
1234;10;true;5506;352;comment
1235;20;true;5507;352;comment
1236;30;true;5508;352;comment
1237;40;true;5509;352;comment
1238;50;true;5510;352;comment
1239;10;true;5511;353;comment
1240;60;true;5512;352;comment
1241;70;true;5513;352;comment
1242;10;true;5514;354;comment
1243;10;true;5515;355;comment
1244;20;true;5516;355;comment
1245;80;true;5517;352;comment
1246;90;true;5518;352;comment
1247;20;true;5519;355;comment
1248;10;true;5519;356;comment
1249;80;true;5520;352;comment
1250;10;true;5521;357;comment
1251;10;true;5522;358;comment
1252;10;true;5523;359;comment
1253;20;true;5524;357;comment
1254;80;true;5525;352;comment
1255;90;true;5526;352;comment
1256;20;true;5527;360;comment
1257;10;true;5528;361;comment
1258;10;true;5529;362;comment
1259;90;true;5530;353;comment
1260;100;true;5531;353;comment
1261;20;true;5532;352;comment
1262;10;true;5533;363;comment
1263;10;true;5534;364;comment
1264;30;true;5535;356;comment
1265;30;true;5536;360;comment
1266;100;true;5537;353;comment
1267;10;true;5538;365;comment
1268;10;true;5539;366;comment
1269;20;true;5540;365;comment
1270;40;true;5541;360;comment
1271;10;true;5542;367;comment
1272;10;true;5543;368;comment
1273;20;true;5544;368;comment
1274;110;true;5545;353;comment
1275;30;true;5546;358;comment
1276;10;true;5547;369;comment
1277;10;true;5548;370;comment
1278;20;true;5549;370;comment
1279;10;true;5549;371;comment
1280;30;true;5550;370;comment
1281;10;true;5551;372;comment
1282;10;true;5552;373;comment
1283;40;true;5553;370;comment
1284;50;true;5554;370;comment
1285;60;true;5555;370;comment
1286;70;true;5556;370;comment
1287;10;true;5557;374;comment
1288;80;true;5558;370;comment
1289;10;true;5559;375;comment
1290;20;true;5560;374;comment
1291;10;true;5561;376;comment
1292;80;true;5562;370;comment
1293;90;true;5563;370;comment
1294;100;true;5564;370;comment
1295;10;true;5565;377;comment
1296;110;true;5566;370;comment
1297;120;true;5567;370;comment
1298;130;true;5568;370;comment
1299;10;true;5569;378;comment
1300;140;true;5570;370;comment
1301;10;true;5571;379;comment
1302;150;true;5572;370;comment
1303;160;true;5573;380;comment
1304;20;true;5574;378;comment
1305;160;true;5575;370;comment
1306;10;true;5576;381;comment
1307;20;true;5577;373;comment
1308;30;true;5578;378;comment
1309;20;true;5579;375;comment
1310;170;true;5580;370;comment
1311;180;true;5581;370;comment
1312;10;true;5582;382;comment
1313;40;true;5583;378;comment
1314;50;true;5584;378;comment
1315;10;true;5585;383;comment
1316;20;true;5586;371;comment
1317;190;true;5587;370;comment
1318;200;true;5588;370;comment
1319;60;true;5589;378;comment
1320;10;true;5590;384;comment
1321;10;true;5591;385;comment
1322;210;true;5592;370;comment
1323;220;true;5593;370;comment
1324;20;true;5594;376;comment
1325;230;true;5595;370;comment
1326;10;true;5596;386;comment
1327;20;true;5597;374;comment
1328;240;true;5598;370;comment
1329;250;true;5599;370;comment
1330;10;true;5600;387;comment
1331;10;true;5600;388;comment
1332;20;true;5601;386;comment
1333;260;true;5602;387;comment
1334;10;true;5603;389;comment
1335;10;true;5604;390;comment
1336;70;true;5605;378;comment
1337;270;true;5606;370;comment
1338;280;true;5607;370;comment
1339;290;true;5608;370;comment
1340;10;true;5609;391;comment
1341;10;true;5610;392;comment
1342;20;true;5611;375;comment
1343;300;true;5612;370;comment
1344;310;true;5613;370;comment
1345;20;true;5614;375;comment
1346;10;true;5615;393;comment
1347;10;true;5616;394;comment
1348;20;true;5617;393;comment
1349;20;true;5618;377;comment
1350;20;true;5619;388;comment
1351;20;true;5620;375;comment
1352;320;true;5621;370;comment
1353;20;true;5622;391;comment
1354;10;true;5623;395;comment
1355;20;true;5624;377;comment
1356;20;true;5625;400;comment
1357;330;true;5626;370;comment
1358;20;true;5627;397;comment
1359;340;true;5628;370;comment
1360;20;true;5629;398;comment
1361;340;true;5630;370;comment
1362;20;true;5631;399;comment
1363;20;true;5632;376;comment
1364;350;true;5633;370;comment
1365;20;true;5634;373;comment
1366;20;true;5635;373;comment
1367;20;true;5636;400;comment
1368;20;true;5637;371;comment
1369;20;true;5638;401;comment
1370;360;true;5639;370;comment
1371;20;true;5640;374;comment
1372;20;true;5641;401;comment
1373;30;true;5642;388;comment
1374;370;true;5643;370;comment
1375;40;true;5644;388;comment
1376;20;true;5645;371;comment
1377;20;true;5646;380;comment
1378;380;true;5647;370;comment
1379;20;true;5648;373;comment
1380;20;true;5649;402;comment
1381;20;true;5650;380;comment
1382;20;true;5651;374;comment
1383;20;true;5652;403;comment
1384;390;true;5653;370;comment
1385;400;true;5654;370;comment
1386;410;true;5655;370;comment
1387;80;true;5656;378;comment
1388;10;true;5657;404;comment
1389;20;true;5658;384;comment
1390;20;true;5659;394;comment
1391;30;true;5659;386;comment
1392;50;true;5660;388;comment
1393;420;true;5661;370;comment
1394;60;true;5662;388;comment
1395;90;true;5663;378;comment
1396;20;true;5664;398;comment
1397;430;true;5665;370;comment
1398;30;true;5666;375;comment
1399;30;true;5667;398;comment
1400;10;true;5668;405;comment
1401;10;true;5669;406;comment
1402;20;true;5670;405;comment
1403;10;true;5671;407;comment
1404;30;true;5672;405;comment
1405;10;true;5673;408;comment
1406;10;true;5674;409;comment
1407;40;true;5675;405;comment
1408;50;true;5676;405;comment
1409;60;true;5677;405;comment
1410;70;true;5678;405;comment
1411;80;true;5679;405;comment
1412;90;true;5680;405;comment
1413;20;true;5681;407;comment
1414;100;true;5682;405;comment
1415;10;true;5683;410;comment
1416;20;true;5684;410;comment
1417;10;true;5685;411;comment
1418;30;true;5686;410;comment
1419;110;true;5687;405;comment
1420;40;true;5688;410;comment
1421;120;true;5689;405;comment
1422;20;true;5690;411;comment
1423;130;true;5691;405;comment
1424;140;true;5692;405;comment
1425;150;true;5693;405;comment
1426;30;true;5694;411;comment
1427;30;true;5695;407;comment
1428;30;true;5696;411;comment
1429;10;true;5697;412;comment
1430;20;true;5698;412;comment
1431;30;true;5699;412;comment
1432;40;true;5700;412;comment
1433;50;true;5701;412;comment
1434;10;true;5701;413;comment
1435;60;true;5702;412;comment
1436;70;true;5703;412;comment
1437;80;true;5704;412;comment
1438;10;true;5705;414;comment
1439;90;true;5706;412;comment
1440;20;true;5706;413;comment
1441;10;true;5707;415;comment
1442;100;true;5708;412;comment
1443;10;true;5709;416;comment
1444;20;true;5709;414;comment
1445;20;true;5710;415;comment
1446;110;true;5711;412;comment
1447;120;true;5712;412;comment
1448;30;true;5713;415;comment
1449;130;true;5714;412;comment
1450;10;true;5715;417;comment
1451;140;true;5716;412;comment
1452;150;true;5717;412;comment
1453;160;true;5718;412;comment
1454;170;true;5719;412;comment
1455;180;true;5720;412;comment
1456;190;true;5721;412;comment
1457;200;true;5722;412;comment
1458;30;true;5723;414;comment
1459;10;true;5724;418;comment
1460;40;true;5725;414;comment
1461;10;true;5725;417;comment
1462;50;true;5726;414;comment
1463;20;true;5726;418;comment
1464;10;true;5727;419;comment
1465;210;true;5728;412;comment
1466;10;true;5729;420;comment
1467;220;true;5730;412;comment
1468;30;true;5730;413;comment
1469;40;true;5731;413;comment
1470;230;true;5732;412;comment
1471;240;true;5733;412;comment
1472;30;true;5734;418;comment
1473;40;true;5735;418;comment
1474;10;true;5736;421;comment
1475;20;true;5737;421;comment
1476;250;true;5738;412;comment
1477;50;true;5739;413;comment
1478;260;true;5740;412;comment
1479;10;true;5741;422;comment
1480;10;true;5742;423;comment
1481;20;true;5743;417;comment
1482;270;true;5744;412;comment
1483;280;true;5745;412;comment
1484;290;true;5746;412;comment
1485;10;true;5747;424;comment
1486;20;true;5748;422;comment
1487;50;true;5748;418;comment
1488;60;true;5749;418;comment
1489;10;true;5750;425;comment
1490;10;true;5751;426;comment
1491;70;true;5752;418;comment
1492;300;true;5753;412;comment
1493;310;true;5754;412;comment
1494;80;true;5755;418;comment
1495;30;true;5756;422;comment
1496;320;true;5757;412;comment
1497;30;true;5758;422;comment
1498;10;true;5759;427;comment
1499;330;true;5760;412;comment
1500;10;true;5761;428;comment
1501;10;true;5762;429;comment
1502;10;true;5763;430;comment
1503;20;true;5764;428;comment
1504;10;true;5764;431;comment
1505;30;true;5765;428;comment
1506;10;true;5766;432;comment
1507;20;true;5767;429;comment
1508;30;true;5768;429;comment
1509;30;true;5768;428;comment
1510;10;true;5768;433;comment
1511;40;true;5769;428;comment
1512;50;true;5770;428;comment
1513;40;true;5770;429;comment
1514;60;true;5771;428;comment
1515;70;true;5772;428;comment
1516;10;true;5773;434;comment
1517;20;true;5774;433;comment
1518;10;true;5775;435;comment
1519;50;true;5776;429;comment
1520;80;true;5777;428;comment
1521;10;true;5778;436;comment
1522;60;true;5779;429;comment
1523;10;true;5780;437;comment
1524;90;true;5781;428;comment
1525;50;true;5782;429;comment
1526;10;true;5783;438;comment
1527;20;true;5784;438;comment
1528;20;true;5785;434;comment
1529;100;true;5786;428;comment
1530;110;true;5787;428;comment
1531;60;true;5788;429;comment
1532;10;true;5789;439;comment
1533;30;true;5790;434;comment
1534;30;true;5791;440;comment
1535;120;true;5792;428;comment
1536;40;true;5793;434;comment
1537;70;true;5794;429;comment
1538;20;true;5795;430;comment
1539;30;true;5796;430;comment
1540;10;true;5797;441;comment
1541;20;true;5798;441;comment
1542;10;true;5799;442;comment
1543;130;true;5800;428;comment
1544;30;true;5801;433;comment
1545;80;true;5802;429;comment
1546;40;true;5803;430;comment
1547;140;true;5804;428;comment
1548;20;true;5805;436;comment
1549;20;true;5806;431;comment
1550;30;true;5807;441;comment
1551;10;true;5808;443;comment
1552;50;true;5809;434;comment
1553;10;true;5810;444;comment
1554;10;true;5811;445;comment
1555;50;true;5812;430;comment
1556;40;true;5813;441;comment
1557;50;true;5814;441;comment
1558;60;true;5815;430;comment
1559;10;true;5816;446;comment
1560;20;true;5817;444;comment
1561;70;true;5818;430;comment
1562;60;true;5819;441;comment
1563;70;true;5820;441;comment
1564;80;true;5821;441;comment
1565;80;true;5822;430;comment
1566;10;true;5823;447;comment
1567;20;true;5824;447;comment
1568;10;true;5824;448;comment
1569;30;true;5825;447;comment
1570;20;true;5826;448;comment
1571;30;true;5827;448;comment
1572;40;true;5827;447;comment
1573;40;true;5828;448;comment
1574;50;true;5828;447;comment
1575;50;true;5829;448;comment
1576;60;true;5830;448;comment
1577;10;true;5831;449;comment
1578;70;true;5832;448;comment
1579;10;true;5833;450;comment
1580;10;true;5834;451;comment
1581;80;true;5835;448;comment
1582;10;true;5836;452;comment
1583;10;true;5837;453;comment
1584;90;true;5838;448;comment
1585;20;true;5839;450;comment
1586;100;true;5840;448;comment
1587;10;true;5841;454;comment
1588;10;true;5842;455;comment
1589;10;true;5843;456;comment
1590;110;true;5844;448;comment
1591;120;true;5845;448;comment
1592;20;true;5846;454;comment
1593;130;true;5847;448;comment
1594;140;true;5848;448;comment
1595;150;true;5848;448;comment
1596;10;true;5849;457;comment
1597;60;true;5850;447;comment
1598;160;true;5851;448;comment
1599;170;true;5852;448;comment
1600;10;true;5853;458;comment
1601;180;true;5854;448;comment
1602;10;true;5855;459;comment
1603;20;true;5856;456;comment
1604;190;true;5857;448;comment
1605;200;true;5858;448;comment
1606;20;true;5859;455;comment
1607;210;true;5860;448;comment
1608;30;true;5861;450;comment
1609;20;true;5862;453;comment
1610;220;true;5863;448;comment
1611;230;true;5864;448;comment
1612;10;true;5865;460;comment
1613;20;true;5866;449;comment
1614;30;true;5867;455;comment
1615;240;true;5868;448;comment
1616;250;true;5869;448;comment
1617;260;true;5870;448;comment
1618;20;true;5871;457;comment
1619;10;true;5872;461;comment
1620;270;true;5873;448;comment
1621;10;true;5874;462;comment
1622;280;true;5875;448;comment
1623;290;true;5876;448;comment
1624;300;true;5877;448;comment
1625;30;true;5878;449;comment
1626;310;true;5879;448;comment
1627;70;true;5880;447;comment
1628;310;true;5881;448;comment
1629;320;true;5882;448;comment
1630;10;true;4979;463;comment
1631;30;true;5883;457;comment
1632;20;true;5884;462;comment
1633;30;true;5885;456;comment
1634;330;true;5886;448;comment
1635;340;true;5887;448;comment
1636;40;true;5888;450;comment
1637;20;true;5889;451;comment
1638;350;true;5890;448;comment
1639;50;true;5891;450;comment
1640;10;true;5892;464;comment
1641;10;true;5893;465;comment
1642;360;true;5894;448;comment
1643;40;true;5895;449;comment
